"","focal","year","complexity.animal","complexity.plant","name.sp","abund.sp","abund.sp.min","abund.sp.max","parameter","inclus"
"1","CETE","2019","group","class","Forb",0.633333333333333,0,1.5,"Plant - plant","non-inclus"
"2","CETE","2019","group","class","Grass",1.21333333333333,0,5,"Plant - plant","non-inclus"
"3","CETE","2019","group","class","CETE",0.128888888888889,0,0.666666666666667,"Intraspecific","non-inclus"
"4","CETE","2019","group","class","snail",0.791666666666667,0,5,"Plant - herbivore","non-inclus"
"5","CETE","2019","group","class","NoPoll",0,0,0,"Plant - floral visitor","non-inclus"
"6","CETE","2019","family","family","Amaranthaceae",0.277777777777778,0,1.16666666666667,"Plant - plant","non-inclus"
"7","CETE","2019","family","family","Asteraceae",0.164444444444444,0,0.833333333333333,"Plant - plant","non-inclus"
"8","CETE","2019","family","family","Caryophyllaceae",0.0444444444444444,0,0.5,"Plant - plant","non-inclus"
"9","CETE","2019","family","family","Fabaceae",0.0133333333333333,0,0.166666666666667,"Plant - plant","non-inclus"
"10","CETE","2019","family","family","Plantaginaceae",0.00444444444444444,0,0.166666666666667,"Plant - plant","non-inclus"
"11","CETE","2019","family","family","Poaceae",1.21333333333333,0,5,"Plant - plant","non-inclus"
"12","CETE","2019","family","family","CETE",0.128888888888889,0,0.666666666666667,"Intraspecific","non-inclus"
"13","CETE","2019","family","family","Geomitridae",0.00277777777777778,0,0.104166666666667,"Plant - herbivore","non-inclus"
"14","CETE","2019","family","family","Helicidae",0.788888888888889,0,5,"Plant - herbivore","non-inclus"
"15","CETE","2019","family","family","NoPoll",0,0,0,"Plant - floral visitor","non-inclus"
"16","CETE","2019","species","code.plant","BEMA",0.111111111111111,0,0.833333333333333,"Plant - plant","non-inclus"
"17","CETE","2019","species","code.plant","CETE",0.128888888888889,0,0.666666666666667,"Plant - plant","non-inclus"
"18","CETE","2019","species","code.plant","HOMA",0.662222222222222,0,5,"Plant - plant","non-inclus"
"19","CETE","2019","species","code.plant","LEMA",0.0644444444444444,0,0.833333333333333,"Plant - plant","non-inclus"
"20","CETE","2019","species","code.plant","MESU",0.0133333333333333,0,0.166666666666667,"Plant - plant","non-inclus"
"21","CETE","2019","species","code.plant","PAIN",0.0333333333333333,0,1,"Plant - plant","non-inclus"
"22","CETE","2019","species","code.plant","PLCO",0.00444444444444444,0,0.166666666666667,"Plant - plant","non-inclus"
"23","CETE","2019","species","code.plant","POMA",0.513333333333333,0,2,"Plant - plant","non-inclus"
"24","CETE","2019","species","code.plant","POMO",0.00444444444444444,0,0.333333333333333,"Plant - plant","non-inclus"
"25","CETE","2019","species","code.plant","PUPA",0.1,0,0.666666666666667,"Plant - plant","non-inclus"
"26","CETE","2019","species","code.plant","SASO",0.166666666666667,0,1.16666666666667,"Plant - plant","non-inclus"
"27","CETE","2019","species","code.plant","SPRU",0.0444444444444444,0,0.5,"Intraspecific","non-inclus"
"28","CETE","2019","species","code.plant","Cochlicella_barbara",0.00277777777777778,0,0.104166666666667,"Plant - herbivore","non-inclus"
"29","CETE","2019","species","code.plant","Theba_pisana",0.788888888888889,0,5,"Plant - herbivore","non-inclus"
"30","CETE","2019","species","code.plant","NoPoll",0,0,0,"Plant - floral visitor","non-inclus"
"31","CETE","2020","group","class","Forb",1.42124542124542,0,5,"Plant - plant","non-inclus"
"32","CETE","2020","group","class","Grass",0.597069597069597,0,4.61538461538461,"Plant - plant","non-inclus"
"33","CETE","2020","group","class","CETE",0.413919413919414,0,3.84615384615385,"Intraspecific","non-inclus"
"34","CETE","2020","group","class","beetle",0.0238095238095238,0,5,"Plant - herbivore","non-inclus"
"35","CETE","2020","group","class","snail",0.0714285714285714,0,2.5,"Plant - herbivore","non-inclus"
"36","CETE","2020","group","class","bee",0.130952380952381,0,5,"Plant - floral visitor","non-inclus"
"37","CETE","2020","group","class","fly",0.142857142857143,0,5,"Plant - floral visitor","non-inclus"
"38","CETE","2020","family","family","Amaranthaceae",0.132936507936508,0,1.66666666666667,"Plant - plant","non-inclus"
"39","CETE","2020","family","family","Asteraceae",0.738095238095238,0,2.91666666666667,"Plant - plant","non-inclus"
"40","CETE","2020","family","family","Caryophyllaceae",0.0912698412698413,0,3.33333333333333,"Plant - plant","non-inclus"
"41","CETE","2020","family","family","Fabaceae",0.0515873015873016,0,1.66666666666667,"Plant - plant","non-inclus"
"42","CETE","2020","family","family","Gentianaceae",0.0119047619047619,0,2.5,"Plant - plant","non-inclus"
"43","CETE","2020","family","family","Plantaginaceae",0.0416666666666667,0,1.66666666666667,"Plant - plant","non-inclus"
"44","CETE","2020","family","family","Poaceae",0.646825396825397,0,5,"Plant - plant","non-inclus"
"45","CETE","2020","family","family","Primulacea",0.0119047619047619,0,0.416666666666667,"Plant - plant","non-inclus"
"46","CETE","2020","family","family","CETE",0.448412698412698,0,4.16666666666667,"Intraspecific","non-inclus"
"47","CETE","2020","family","family","Coccinellidae",0.0238095238095238,0,5,"Plant - herbivore","non-inclus"
"48","CETE","2020","family","family","Helicidae",0.0714285714285714,0,2.5,"Plant - herbivore","non-inclus"
"49","CETE","2020","family","family","Andrenidae",0.0119047619047619,0,2.5,"Plant - floral visitor","non-inclus"
"50","CETE","2020","family","family","Bombyliidae",0.107142857142857,0,5,"Plant - floral visitor","non-inclus"
"51","CETE","2020","family","family","Halictidae",0.119047619047619,0,5,"Plant - floral visitor","non-inclus"
"52","CETE","2020","family","family","Syrphidae",0.0119047619047619,0,2.5,"Plant - floral visitor","non-inclus"
"53","CETE","2020","family","family","Tabanidae",0.0238095238095238,0,2.5,"Plant - floral visitor","non-inclus"
"54","CETE","2020","species","code.plant","ACHI",0.00238095238095238,0,0.5,"Plant - plant","non-inclus"
"55","CETE","2020","species","code.plant","ANAR",0.0142857142857143,0,0.5,"Plant - plant","non-inclus"
"56","CETE","2020","species","code.plant","BEMA",0.116666666666667,0,2,"Plant - plant","non-inclus"
"57","CETE","2020","species","code.plant","CETE",0.538095238095238,0,5,"Plant - plant","non-inclus"
"58","CETE","2020","species","code.plant","CHFU",0.0119047619047619,0,0.5,"Plant - plant","non-inclus"
"59","CETE","2020","species","code.plant","CHMI",0.00714285714285714,0,1,"Plant - plant","non-inclus"
"60","CETE","2020","species","code.plant","HOMA",0.628571428571429,0,5,"Plant - plant","non-inclus"
"61","CETE","2020","species","code.plant","LEMA",0.635714285714286,0,3.5,"Plant - plant","non-inclus"
"62","CETE","2020","species","code.plant","MEEL",0.00238095238095238,0,0.5,"Plant - plant","non-inclus"
"63","CETE","2020","species","code.plant","MESU",0.0595238095238095,0,2,"Plant - plant","non-inclus"
"64","CETE","2020","species","code.plant","PAIN",0.0785714285714286,0,2,"Plant - plant","non-inclus"
"65","CETE","2020","species","code.plant","PLCO",0.05,0,2,"Plant - plant","non-inclus"
"66","CETE","2020","species","code.plant","POMA",0.0261904761904762,0,3,"Plant - plant","non-inclus"
"67","CETE","2020","species","code.plant","POMO",0.0142857142857143,0,1,"Plant - plant","non-inclus"
"68","CETE","2020","species","code.plant","PUPA",0.157142857142857,0,2.5,"Plant - plant","non-inclus"
"69","CETE","2020","species","code.plant","SASO",0.0404761904761905,0,1.5,"Plant - plant","non-inclus"
"70","CETE","2020","species","code.plant","SCLA",0.0166666666666667,0,1,"Plant - plant","non-inclus"
"71","CETE","2020","species","code.plant","SOAS",0.0547619047619048,0,2.5,"Plant - plant","non-inclus"
"72","CETE","2020","species","code.plant","SPRU",0.10952380952381,0,4,"Intraspecific","non-inclus"
"73","CETE","2020","species","code.plant","Theba_pisana",0.142857142857143,0,5,"Plant - herbivore","non-inclus"
"74","CETE","2020","species","code.plant","Andrena_spp",0.0119047619047619,0,2.5,"Plant - floral visitor","non-inclus"
"75","CETE","2020","species","code.plant","Bombyliidae",0.0357142857142857,0,5,"Plant - floral visitor","non-inclus"
"76","CETE","2020","species","code.plant","Bombylius_major",0.0714285714285714,0,5,"Plant - floral visitor","non-inclus"
"77","CETE","2020","species","code.plant","Eristalis_similis",0.0119047619047619,0,2.5,"Plant - floral visitor","non-inclus"
"78","CETE","2020","species","code.plant","Lasioglossum_malachurum",0.119047619047619,0,5,"Plant - floral visitor","non-inclus"
"79","CETE","2020","species","code.plant","Tabanidae",0.0238095238095238,0,2.5,"Plant - floral visitor","non-inclus"
"80","CETE","2021","group","class","Forb",0.881802721088436,0,5,"Plant - plant","non-inclus"
"81","CETE","2021","group","class","Grass",0.261054421768708,0,2,"Plant - plant","non-inclus"
"82","CETE","2021","group","class","CETE",0.284863945578231,0,1.83333333333333,"Intraspecific","non-inclus"
"83","CETE","2021","group","class","snail",0.127551020408163,0,5,"Plant - herbivore","non-inclus"
"84","CETE","2021","group","class","butterfly",0.00637755102040816,0,1.25,"Plant - floral visitor","non-inclus"
"85","CETE","2021","group","class","fly",0.038265306122449,0,5,"Plant - floral visitor","non-inclus"
"86","CETE","2021","family","family","Amaranthaceae",0.221742543171115,0,5,"Plant - plant","non-inclus"
"87","CETE","2021","family","family","Asteraceae",0.326726844583988,0,1.34615384615385,"Plant - plant","non-inclus"
"88","CETE","2021","family","family","Caryophyllaceae",0.0284536891679749,0,0.576923076923077,"Plant - plant","non-inclus"
"89","CETE","2021","family","family","Fabaceae",0.0520015698587127,0,1.73076923076923,"Plant - plant","non-inclus"
"90","CETE","2021","family","family","Gentianaceae",0.0098116169544741,0,1.15384615384615,"Plant - plant","non-inclus"
"91","CETE","2021","family","family","Plantaginaceae",0.0304160125588697,0,0.576923076923077,"Plant - plant","non-inclus"
"92","CETE","2021","family","family","Poaceae",0.301216640502355,0,2.30769230769231,"Plant - plant","non-inclus"
"93","CETE","2021","family","family","Primulacea",0.0098116169544741,0,0.576923076923077,"Plant - plant","non-inclus"
"94","CETE","2021","family","family","CETE",0.328689167974883,0,2.11538461538462,"Intraspecific","non-inclus"
"95","CETE","2021","family","family","Geomitridae",0.0255102040816327,0,5,"Plant - herbivore","non-inclus"
"96","CETE","2021","family","family","Helicidae",0.102040816326531,0,3.33333333333333,"Plant - herbivore","non-inclus"
"97","CETE","2021","family","family","Muscidae",0.00637755102040816,0,1.25,"Plant - floral visitor","non-inclus"
"98","CETE","2021","family","family","Nymphalidae",0.00637755102040816,0,1.25,"Plant - floral visitor","non-inclus"
"99","CETE","2021","family","family","Syrphidae",0.0318877551020408,0,5,"Plant - floral visitor","non-inclus"
"100","CETE","2021","species","code.plant","ACHI",0.00784929356357928,0,1.34615384615385,"Plant - plant","non-inclus"
"101","CETE","2021","species","code.plant","ANAR",0.0098116169544741,0,0.576923076923077,"Plant - plant","non-inclus"
"102","CETE","2021","species","code.plant","BEMA",0.0137362637362637,0,0.384615384615385,"Plant - plant","non-inclus"
"103","CETE","2021","species","code.plant","CETE",0.328689167974883,0,2.11538461538462,"Plant - plant","non-inclus"
"104","CETE","2021","species","code.plant","CHFU",0.00294348508634223,0,0.192307692307692,"Plant - plant","non-inclus"
"105","CETE","2021","species","code.plant","HOMA",0.208006279434851,0,2.11538461538462,"Plant - plant","non-inclus"
"106","CETE","2021","species","code.plant","LEMA",0.27668759811617,0,1.15384615384615,"Plant - plant","non-inclus"
"107","CETE","2021","species","code.plant","MEEL",0.00098116169544741,0,0.192307692307692,"Plant - plant","non-inclus"
"108","CETE","2021","species","code.plant","MESU",0.0480769230769231,0,1.73076923076923,"Plant - plant","non-inclus"
"109","CETE","2021","species","code.plant","PAIN",0.0618131868131868,0,1.53846153846154,"Plant - plant","non-inclus"
"110","CETE","2021","species","code.plant","PLCO",0.0304160125588697,0,0.576923076923077,"Plant - plant","non-inclus"
"111","CETE","2021","species","code.plant","POMA",0.0107927786499215,0,0.384615384615385,"Plant - plant","non-inclus"
"112","CETE","2021","species","code.plant","POMO",0.0107927786499215,0,0.384615384615385,"Plant - plant","non-inclus"
"113","CETE","2021","species","code.plant","SASO",0.199175824175824,0,5,"Plant - plant","non-inclus"
"114","CETE","2021","species","code.plant","SCLA",0.00883045525902669,0,0.384615384615385,"Plant - plant","non-inclus"
"115","CETE","2021","species","code.plant","SOAS",0.0206043956043956,0,0.384615384615385,"Plant - plant","non-inclus"
"116","CETE","2021","species","code.plant","SPRU",0.0284536891679749,0,0.576923076923077,"Intraspecific","non-inclus"
"117","CETE","2021","species","code.plant","Cochlicella_barbara",0.0255102040816327,0,5,"Plant - herbivore","non-inclus"
"118","CETE","2021","species","code.plant","Otala_lactea",0.00283446712018141,0,0.555555555555556,"Plant - herbivore","non-inclus"
"119","CETE","2021","species","code.plant","Theba_pisana",0.0992063492063492,0,3.33333333333333,"Plant - herbivore","non-inclus"
"120","CETE","2021","species","code.plant","Musca_spp",0.00637755102040816,0,1.25,"Plant - floral visitor","non-inclus"
"121","CETE","2021","species","code.plant","Sphaerophoria_scripta",0.0255102040816327,0,5,"Plant - floral visitor","non-inclus"
"122","CETE","2021","species","code.plant","Syrphidae",0.00637755102040816,0,1.25,"Plant - floral visitor","non-inclus"
"123","CETE","2021","species","code.plant","Vanessa_cardui",0.00637755102040816,0,1.25,"Plant - floral visitor","non-inclus"
"124","LEMA","2019","group","class","Forb",0.211496149614961,0,1.66666666666667,"Plant - plant","non-inclus"
"125","LEMA","2019","group","class","Grass",1.58800880088009,0,5,"Plant - plant","inclus"
"126","LEMA","2019","group","class","LEMA",0.0635313531353135,0,0.416666666666667,"Intraspecific","non-inclus"
"127","LEMA","2019","group","class","beetle",0.476714338100476,0,5,"Plant - herbivore","non-inclus"
"128","LEMA","2019","group","class","caterpillar",0.0100843417675101,0,0.555555555555556,"Plant - herbivore","non-inclus"
"129","LEMA","2019","group","class","grasshopper",0.00366703337000367,0,0.277777777777778,"Plant - herbivore","non-inclus"
"130","LEMA","2019","group","class","snail",0.185185185185185,0,3.33333333333333,"Plant - herbivore","non-inclus"
"131","LEMA","2019","group","class","bee",0.0948844884488449,0,3.125,"Plant - floral visitor","non-inclus"
"132","LEMA","2019","group","class","fly",0.54042904290429,0,5,"Plant - floral visitor","non-inclus"
"133","LEMA","2019","family","family","Amaranthaceae",0.0211771177117712,0,0.666666666666667,"Plant - plant","non-inclus"
"134","LEMA","2019","family","family","Asteraceae",0.0893839383938394,0,1.25,"Plant - plant","non-inclus"
"135","LEMA","2019","family","family","Caryophyllaceae",0.0055005500550055,0,0.333333333333333,"Plant - plant","non-inclus"
"136","LEMA","2019","family","family","Fabaceae",0.0357535753575357,0,0.416666666666667,"Plant - plant","non-inclus"
"137","LEMA","2019","family","family","Gentianaceae",0.0151265126512651,0,0.666666666666667,"Plant - plant","non-inclus"
"138","LEMA","2019","family","family","Plantaginaceae",0.0107260726072607,0,0.25,"Plant - plant","non-inclus"
"139","LEMA","2019","family","family","Poaceae",1.58800880088009,0,5,"Plant - plant","inclus"
"140","LEMA","2019","family","family","Ranunculuc",0.0187018701870187,0,0.5,"Plant - plant","non-inclus"
"141","LEMA","2019","family","family","LEMA",0.0635313531353135,0,0.416666666666667,"Intraspecific","non-inclus"
"142","LEMA","2019","family","family","Aphididae",0.0099009900990099,0,1,"Plant - herbivore","non-inclus"
"143","LEMA","2019","family","family","Chrysomelidae",0.00165016501650165,0,0.5,"Plant - herbivore","non-inclus"
"144","LEMA","2019","family","family","Coccinellidae",0.0198019801980198,0,1,"Plant - herbivore","non-inclus"
"145","LEMA","2019","family","family","Geomitridae",0.280528052805281,0,5,"Plant - herbivore","non-inclus"
"146","LEMA","2019","family","family","Gryllidae",0.00165016501650165,0,0.5,"Plant - herbivore","non-inclus"
"147","LEMA","2019","family","family","Helicidae",0.0148514851485149,0,1,"Plant - herbivore","non-inclus"
"148","LEMA","2019","family","family","Nitidulidae",0.0577557755775578,0,1.5,"Plant - herbivore","non-inclus"
"149","LEMA","2019","family","family","Tettigoniidae",0.00165016501650165,0,0.5,"Plant - herbivore","non-inclus"
"150","LEMA","2019","family","family","Andrenidae",0.0226897689768977,0,2.5,"Plant - floral visitor","non-inclus"
"151","LEMA","2019","family","family","Apidae",0.0721947194719472,0,3.125,"Plant - floral visitor","non-inclus"
"152","LEMA","2019","family","family","Bibionidae",0.226897689768977,0,5,"Plant - floral visitor","non-inclus"
"153","LEMA","2019","family","family","Muscidae",0.00412541254125413,0,0.625,"Plant - floral visitor","non-inclus"
"154","LEMA","2019","family","family","Oedemeridae",0.0165016501650165,0,1.875,"Plant - floral visitor","non-inclus"
"155","LEMA","2019","family","family","Stratiomyidae",0.0701320132013201,0,3.75,"Plant - floral visitor","non-inclus"
"156","LEMA","2019","family","family","Syrphidae",0.21039603960396,0,2.5,"Plant - floral visitor","non-inclus"
"157","LEMA","2019","family","family","Tabanidae",0.00206270627062706,0,0.625,"Plant - floral visitor","non-inclus"
"158","LEMA","2019","species","code.plant","BEMA",0.0134763476347635,0,0.333333333333333,"Plant - plant","non-inclus"
"159","LEMA","2019","species","code.plant","CETE",0.0151265126512651,0,0.666666666666667,"Plant - plant","non-inclus"
"160","LEMA","2019","species","code.plant","CHFU",0.0794829482948295,0,1.25,"Plant - plant","non-inclus"
"161","LEMA","2019","species","code.plant","CHMI",0.0011001100110011,0,0.25,"Plant - plant","non-inclus"
"162","LEMA","2019","species","code.plant","HOMA",1.39273927392739,0,5,"Plant - plant","non-inclus"
"163","LEMA","2019","species","code.plant","LEMA",0.0635313531353135,0,0.416666666666667,"Plant - plant","non-inclus"
"164","LEMA","2019","species","code.plant","MEEL",0.00495049504950495,0,0.166666666666667,"Plant - plant","non-inclus"
"165","LEMA","2019","species","code.plant","MEPO",0.00852585258525853,0,0.333333333333333,"Plant - plant","non-inclus"
"166","LEMA","2019","species","code.plant","MESU",0.0222772277227723,0,0.416666666666667,"Plant - plant","non-inclus"
"167","LEMA","2019","species","code.plant","PLCO",0.0107260726072607,0,0.25,"Plant - plant","non-inclus"
"168","LEMA","2019","species","code.plant","POMA",0.191144114411441,0,1.66666666666667,"Plant - plant","non-inclus"
"169","LEMA","2019","species","code.plant","POMO",0.00412541254125413,0,0.25,"Plant - plant","non-inclus"
"170","LEMA","2019","species","code.plant","RAPE",0.0187018701870187,0,0.5,"Plant - plant","non-inclus"
"171","LEMA","2019","species","code.plant","SASO",0.0077007700770077,0,0.416666666666667,"Plant - plant","non-inclus"
"172","LEMA","2019","species","code.plant","SCLA",0.000275027502750275,0,0.0833333333333333,"Plant - plant","non-inclus"
"173","LEMA","2019","species","code.plant","SOAS",0.00852585258525852,0,0.416666666666667,"Plant - plant","non-inclus"
"174","LEMA","2019","species","code.plant","SPRU",0.0055005500550055,0,0.333333333333333,"Intraspecific","non-inclus"
"175","LEMA","2019","species","code.plant","Aphis_fabae",0.0099009900990099,0,1,"Plant - herbivore","non-inclus"
"176","LEMA","2019","species","code.plant","Brassicogethes_spp",0.0577557755775578,0,1.5,"Plant - herbivore","non-inclus"
"177","LEMA","2019","species","code.plant","Cochlicella_barbara",0.280528052805281,0,5,"Plant - herbivore","non-inclus"
"178","LEMA","2019","species","code.plant","Cryptocephalus_spp",0.00165016501650165,0,0.5,"Plant - herbivore","non-inclus"
"179","LEMA","2019","species","code.plant","Gastropoda",0.037953795379538,0,5,"Plant - herbivore","non-inclus"
"180","LEMA","2019","species","code.plant","Gryllus_bimaculatus",0.00165016501650165,0,0.5,"Plant - herbivore","non-inclus"
"181","LEMA","2019","species","code.plant","Lasiocampa_trifolii_larva",0.0033003300330033,0,0.5,"Plant - herbivore","non-inclus"
"182","LEMA","2019","species","code.plant","Lepidoptera_larva",0.0132013201320132,0,1,"Plant - herbivore","non-inclus"
"183","LEMA","2019","species","code.plant","Orthoptera",0.0033003300330033,0,0.5,"Plant - herbivore","non-inclus"
"184","LEMA","2019","species","code.plant","Tessellana_tessellata",0.00165016501650165,0,0.5,"Plant - herbivore","non-inclus"
"185","LEMA","2019","species","code.plant","Theba_pisana",0.0148514851485149,0,1,"Plant - herbivore","non-inclus"
"186","LEMA","2019","species","code.plant","Vanessa_cardui_larva",0.00165016501650165,0,0.5,"Plant - herbivore","non-inclus"
"187","LEMA","2019","species","code.plant","Andrena_spp",0.0226897689768977,0,2.5,"Plant - floral visitor","non-inclus"
"188","LEMA","2019","species","code.plant","Anthaxia_semicuprea",0.00206270627062706,0,0.625,"Plant - floral visitor","non-inclus"
"189","LEMA","2019","species","code.plant","Apidae",0.0680693069306931,0,3.125,"Plant - floral visitor","non-inclus"
"190","LEMA","2019","species","code.plant","Chrysotoxum_spp",0.00618811881188119,0,0.625,"Plant - floral visitor","non-inclus"
"191","LEMA","2019","species","code.plant","Dilophus_spp",0.226897689768977,0,5,"Plant - floral visitor","non-inclus"
"192","LEMA","2019","species","code.plant","Diptera",0.0268151815181518,0,1.25,"Plant - floral visitor","non-inclus"
"193","LEMA","2019","species","code.plant","Episyrphus_balteatus",0.00206270627062706,0,0.625,"Plant - floral visitor","non-inclus"
"194","LEMA","2019","species","code.plant","Eristalis_similis",0.0598184818481848,0,2.5,"Plant - floral visitor","non-inclus"
"195","LEMA","2019","species","code.plant","Eucera_spp",0.00412541254125413,0,0.625,"Plant - floral visitor","non-inclus"
"196","LEMA","2019","species","code.plant","Eupeodes_corollae",0.0309405940594059,0,1.25,"Plant - floral visitor","non-inclus"
"197","LEMA","2019","species","code.plant","Malachius_bipustulatus",0.00825082508250825,0,0.625,"Plant - floral visitor","non-inclus"
"198","LEMA","2019","species","code.plant","Malachius_spp",0.00618811881188119,0,0.625,"Plant - floral visitor","non-inclus"
"199","LEMA","2019","species","code.plant","Melanostoma_spp",0.00618811881188119,0,0.625,"Plant - floral visitor","non-inclus"
"200","LEMA","2019","species","code.plant","Meligethes_spp",0.0969471947194719,0,2.5,"Plant - floral visitor","non-inclus"
"201","LEMA","2019","species","code.plant","Musca_spp",0.00412541254125413,0,0.625,"Plant - floral visitor","non-inclus"
"202","LEMA","2019","species","code.plant","Nemotelus_spp",0.0288778877887789,0,1.25,"Plant - floral visitor","non-inclus"
"203","LEMA","2019","species","code.plant","Odontomyia_spp",0.0412541254125413,0,3.75,"Plant - floral visitor","non-inclus"
"204","LEMA","2019","species","code.plant","Oedemeridae",0.0165016501650165,0,1.875,"Plant - floral visitor","non-inclus"
"205","LEMA","2019","species","code.plant","Pangonidae_spp",0.00206270627062706,0,0.625,"Plant - floral visitor","non-inclus"
"206","LEMA","2019","species","code.plant","Psilothrix_viridicoerulea",0.55486798679868,0,3.75,"Plant - floral visitor","non-inclus"
"207","LEMA","2019","species","code.plant","Scaeva_spp",0.0165016501650165,0,1.25,"Plant - floral visitor","non-inclus"
"208","LEMA","2019","species","code.plant","Sphaerophoria_scripta",0.0886963696369637,0,2.5,"Plant - floral visitor","non-inclus"
"209","LEMA","2020","group","class","Forb",0.635723039215687,0,5,"Plant - plant","non-inclus"
"210","LEMA","2020","group","class","Grass",0.559895833333333,0,4.16666666666667,"Plant - plant","inclus"
"211","LEMA","2020","group","class","LEMA",0.258884803921569,0,2.08333333333333,"Intraspecific","non-inclus"
"212","LEMA","2020","group","class","beetle",0.653886554621849,0,5,"Plant - herbivore","inclus"
"213","LEMA","2020","group","class","caterpillar",0.0137867647058823,0,0.535714285714286,"Plant - herbivore","non-inclus"
"214","LEMA","2020","group","class","grasshopper",0.0164128151260504,0,0.535714285714286,"Plant - herbivore","non-inclus"
"215","LEMA","2020","group","class","leafhopper",0.000656512605042017,0,0.178571428571429,"Plant - herbivore","non-inclus"
"216","LEMA","2020","group","class","mite",0.000656512605042017,0,0.178571428571429,"Plant - herbivore","non-inclus"
"217","LEMA","2020","group","class","snail",0.295430672268908,0,1.96428571428571,"Plant - herbivore","non-inclus"
"218","LEMA","2020","group","class","trip",0.00131302521008403,0,0.357142857142857,"Plant - herbivore","non-inclus"
"219","LEMA","2020","group","class","bee",0.217245989304813,0,5,"Plant - floral visitor","non-inclus"
"220","LEMA","2020","group","class","butterfly",0.0100267379679144,0,1.36363636363636,"Plant - floral visitor","non-inclus"
"221","LEMA","2020","group","class","fly",0.207219251336898,0,3.18181818181818,"Plant - floral visitor","non-inclus"
"222","LEMA","2020","group","class","wasp",0.0116978609625668,0,0.909090909090909,"Plant - floral visitor","non-inclus"
"223","LEMA","2020","family","family","Amaranthaceae",0.172794117647059,0,3.5,"Plant - plant","non-inclus"
"224","LEMA","2020","family","family","Asteraceae",0.147058823529412,0,1.75,"Plant - plant","non-inclus"
"225","LEMA","2020","family","family","Caryophyllaceae",0.0450367647058824,0,2,"Plant - plant","non-inclus"
"226","LEMA","2020","family","family","Fabaceae",0.0542279411764706,0,1.25,"Plant - plant","non-inclus"
"227","LEMA","2020","family","family","Gentianaceae",0.141544117647059,0,2.5,"Plant - plant","non-inclus"
"228","LEMA","2020","family","family","Plantaginaceae",0.0533088235294118,0,2.25,"Plant - plant","non-inclus"
"229","LEMA","2020","family","family","Poaceae",0.671875,0,5,"Plant - plant","inclus"
"230","LEMA","2020","family","family","Primulacea",0.00275735294117647,0,0.25,"Plant - plant","non-inclus"
"231","LEMA","2020","family","family","Ranunculuc",0.00459558823529412,0,0.25,"Plant - plant","non-inclus"
"232","LEMA","2020","family","family","LEMA",0.310661764705882,0,2.5,"Intraspecific","non-inclus"
"233","LEMA","2020","family","family","Acrididae",0.00076593137254902,0,0.208333333333333,"Plant - herbivore","non-inclus"
"234","LEMA","2020","family","family","Aphididae",0.00153186274509804,0,0.208333333333333,"Plant - herbivore","non-inclus"
"235","LEMA","2020","family","family","Chrysomelidae",0.0076593137254902,0,0.208333333333333,"Plant - herbivore","non-inclus"
"236","LEMA","2020","family","family","Coccinellidae",0.00229779411764706,0,0.208333333333333,"Plant - herbivore","non-inclus"
"237","LEMA","2020","family","family","Curculionidae",0.00229779411764706,0,0.208333333333333,"Plant - herbivore","non-inclus"
"238","LEMA","2020","family","family","Geomitridae",0.315563725490196,0,2.29166666666667,"Plant - herbivore","non-inclus"
"239","LEMA","2020","family","family","Helicidae",0.0291053921568627,0,0.625,"Plant - herbivore","non-inclus"
"240","LEMA","2020","family","family","Miridae",0.00076593137254902,0,0.208333333333333,"Plant - herbivore","non-inclus"
"241","LEMA","2020","family","family","Mordellidae",0.00153186274509804,0,0.208333333333333,"Plant - herbivore","non-inclus"
"242","LEMA","2020","family","family","Nitidulidae",0.533088235294117,0,5,"Plant - herbivore","non-inclus"
"243","LEMA","2020","family","family","Tetranychidae",0.00076593137254902,0,0.208333333333333,"Plant - herbivore","non-inclus"
"244","LEMA","2020","family","family","Tettigoniidae",0.0176164215686275,0,0.416666666666667,"Plant - herbivore","non-inclus"
"245","LEMA","2020","family","family","Andrenidae",0.142045454545455,0,5,"Plant - floral visitor","non-inclus"
"246","LEMA","2020","family","family","Bibionidae",0.00167112299465241,0,0.454545454545455,"Plant - floral visitor","non-inclus"
"247","LEMA","2020","family","family","Bombyliidae",0.0584893048128342,0,2.27272727272727,"Plant - floral visitor","non-inclus"
"248","LEMA","2020","family","family","Empididae",0.00167112299465241,0,0.454545454545455,"Plant - floral visitor","non-inclus"
"249","LEMA","2020","family","family","Geometridae",0.00167112299465241,0,0.454545454545455,"Plant - floral visitor","non-inclus"
"250","LEMA","2020","family","family","Halictidae",0.0685160427807486,0,2.27272727272727,"Plant - floral visitor","non-inclus"
"251","LEMA","2020","family","family","Lasiocampidae",0.00501336898395722,0,1.36363636363636,"Plant - floral visitor","non-inclus"
"252","LEMA","2020","family","family","Megachilidae",0.00668449197860963,0,1.81818181818182,"Plant - floral visitor","non-inclus"
"253","LEMA","2020","family","family","Muscidae",0.0401069518716577,0,2.72727272727273,"Plant - floral visitor","non-inclus"
"254","LEMA","2020","family","family","Oedemeridae",0.0200534759358289,0,1.36363636363636,"Plant - floral visitor","non-inclus"
"255","LEMA","2020","family","family","Pieridae",0.00167112299465241,0,0.454545454545455,"Plant - floral visitor","non-inclus"
"256","LEMA","2020","family","family","Sarcophagidae",0.0133689839572193,0,1.81818181818182,"Plant - floral visitor","non-inclus"
"257","LEMA","2020","family","family","Stratiomyidae",0.00167112299465241,0,0.454545454545455,"Plant - floral visitor","non-inclus"
"258","LEMA","2020","family","family","Syrphidae",0.0668449197860962,0,3.18181818181818,"Plant - floral visitor","non-inclus"
"259","LEMA","2020","family","family","Tabanidae",0.00334224598930481,0,0.454545454545455,"Plant - floral visitor","non-inclus"
"260","LEMA","2020","family","family","Tachinidae",0.0116978609625668,0,1.36363636363636,"Plant - floral visitor","non-inclus"
"261","LEMA","2020","family","family","Ulidiidae",0.00668449197860963,0,0.454545454545455,"Plant - floral visitor","non-inclus"
"262","LEMA","2020","species","code.plant","ANAR",0.00275735294117647,0,0.25,"Plant - plant","non-inclus"
"263","LEMA","2020","species","code.plant","BEMA",0.0928308823529412,0,2.75,"Plant - plant","non-inclus"
"264","LEMA","2020","species","code.plant","CETE",0.141544117647059,0,2.5,"Plant - plant","non-inclus"
"265","LEMA","2020","species","code.plant","CHFU",0.0441176470588235,0,1.5,"Plant - plant","non-inclus"
"266","LEMA","2020","species","code.plant","CHMI",0.0128676470588235,0,1.5,"Plant - plant","non-inclus"
"267","LEMA","2020","species","code.plant","HOMA",0.613051470588235,0,5,"Plant - plant","inclus"
"268","LEMA","2020","species","code.plant","LEMA",0.310661764705882,0,2.5,"Plant - plant","non-inclus"
"269","LEMA","2020","species","code.plant","MEEL",0.000919117647058824,0,0.25,"Plant - plant","non-inclus"
"270","LEMA","2020","species","code.plant","MEPO",0.00183823529411765,0,0.25,"Plant - plant","non-inclus"
"271","LEMA","2020","species","code.plant","MESU",0.0514705882352941,0,1.25,"Plant - plant","non-inclus"
"272","LEMA","2020","species","code.plant","PAIN",0.0211397058823529,0,2,"Plant - plant","non-inclus"
"273","LEMA","2020","species","code.plant","PLCO",0.0533088235294118,0,2.25,"Plant - plant","non-inclus"
"274","LEMA","2020","species","code.plant","POMA",0.0330882352941176,0,2,"Plant - plant","non-inclus"
"275","LEMA","2020","species","code.plant","POMO",0.00459558823529412,0,0.5,"Plant - plant","non-inclus"
"276","LEMA","2020","species","code.plant","PUPA",0.0303308823529412,0,1.75,"Plant - plant","non-inclus"
"277","LEMA","2020","species","code.plant","RAPE",0.00459558823529412,0,0.25,"Plant - plant","non-inclus"
"278","LEMA","2020","species","code.plant","SASO",0.0799632352941176,0,3.25,"Plant - plant","non-inclus"
"279","LEMA","2020","species","code.plant","SCLA",0.0294117647058824,0,0.5,"Plant - plant","non-inclus"
"280","LEMA","2020","species","code.plant","SOAS",0.0303308823529412,0,0.75,"Plant - plant","non-inclus"
"281","LEMA","2020","species","code.plant","SPRU",0.0450367647058824,0,2,"Intraspecific","non-inclus"
"282","LEMA","2020","species","code.plant","Aiolopus_strepens",0.00076593137254902,0,0.208333333333333,"Plant - herbivore","non-inclus"
"283","LEMA","2020","species","code.plant","Aphis_fabae",0.00153186274509804,0,0.208333333333333,"Plant - herbivore","non-inclus"
"284","LEMA","2020","species","code.plant","Brassicogethes_spp",0.532322303921568,0,5,"Plant - herbivore","non-inclus"
"285","LEMA","2020","species","code.plant","Cassida_spp",0.00153186274509804,0,0.208333333333333,"Plant - herbivore","non-inclus"
"286","LEMA","2020","species","code.plant","Cicadidae",0.00076593137254902,0,0.208333333333333,"Plant - herbivore","non-inclus"
"287","LEMA","2020","species","code.plant","Cochlicella_barbara",0.315563725490196,0,2.29166666666667,"Plant - herbivore","non-inclus"
"288","LEMA","2020","species","code.plant","Conocephalus_dorsalis",0.00076593137254902,0,0.208333333333333,"Plant - herbivore","non-inclus"
"289","LEMA","2020","species","code.plant","Cryptocephalus_spp",0.00612745098039216,0,0.208333333333333,"Plant - herbivore","non-inclus"
"290","LEMA","2020","species","code.plant","Curculionidae",0.00229779411764706,0,0.208333333333333,"Plant - herbivore","non-inclus"
"291","LEMA","2020","species","code.plant","Lasiocampa_trifolii_larva",0.0160845588235294,0,0.625,"Plant - herbivore","non-inclus"
"292","LEMA","2020","species","code.plant","Miridae",0.00076593137254902,0,0.208333333333333,"Plant - herbivore","non-inclus"
"293","LEMA","2020","species","code.plant","Mordellidae",0.00153186274509804,0,0.208333333333333,"Plant - herbivore","non-inclus"
"294","LEMA","2020","species","code.plant","Nitidulidae",0.00076593137254902,0,0.208333333333333,"Plant - herbivore","non-inclus"
"295","LEMA","2020","species","code.plant","Orthoptera",0.00076593137254902,0,0.208333333333333,"Plant - herbivore","non-inclus"
"296","LEMA","2020","species","code.plant","Tessellana_tessellata",0.0168504901960784,0,0.416666666666667,"Plant - herbivore","non-inclus"
"297","LEMA","2020","species","code.plant","Tetranychus_urticae",0.00076593137254902,0,0.208333333333333,"Plant - herbivore","non-inclus"
"298","LEMA","2020","species","code.plant","Theba_pisana",0.0291053921568627,0,0.625,"Plant - herbivore","non-inclus"
"299","LEMA","2020","species","code.plant","Thysanoptera",0.00153186274509804,0,0.416666666666667,"Plant - herbivore","non-inclus"
"300","LEMA","2020","species","code.plant","Anastoechus_spp",0.0250668449197861,0,1.36363636363636,"Plant - floral visitor","non-inclus"
"301","LEMA","2020","species","code.plant","Andrena_humilis",0.110294117647059,0,5,"Plant - floral visitor","non-inclus"
"302","LEMA","2020","species","code.plant","Andrena_spp",0.0317513368983957,0,1.81818181818182,"Plant - floral visitor","non-inclus"
"303","LEMA","2020","species","code.plant","Bombyliidae",0.0300802139037433,0,2.27272727272727,"Plant - floral visitor","non-inclus"
"304","LEMA","2020","species","code.plant","Bombylius_major",0.00334224598930481,0,0.909090909090909,"Plant - floral visitor","non-inclus"
"305","LEMA","2020","species","code.plant","Cylindromyia_sp_red_color",0.0116978609625668,0,1.36363636363636,"Plant - floral visitor","non-inclus"
"306","LEMA","2020","species","code.plant","Dilophus_spp",0.00167112299465241,0,0.454545454545455,"Plant - floral visitor","non-inclus"
"307","LEMA","2020","species","code.plant","Diptera",0.00167112299465241,0,0.454545454545455,"Plant - floral visitor","non-inclus"
"308","LEMA","2020","species","code.plant","Empis_spp",0.00167112299465241,0,0.454545454545455,"Plant - floral visitor","non-inclus"
"309","LEMA","2020","species","code.plant","Episyrphus_balteatus",0.0183823529411765,0,3.18181818181818,"Plant - floral visitor","non-inclus"
"310","LEMA","2020","species","code.plant","Eristalis_similis",0.00167112299465241,0,0.454545454545455,"Plant - floral visitor","non-inclus"
"311","LEMA","2020","species","code.plant","Euchloe_crameri",0.00167112299465241,0,0.454545454545455,"Plant - floral visitor","non-inclus"
"312","LEMA","2020","species","code.plant","Geometridae",0.00167112299465241,0,0.454545454545455,"Plant - floral visitor","non-inclus"
"313","LEMA","2020","species","code.plant","Lasiocampa_trifolii",0.00501336898395722,0,1.36363636363636,"Plant - floral visitor","non-inclus"
"314","LEMA","2020","species","code.plant","Lasioglossum_immunitum",0.00334224598930481,0,0.454545454545455,"Plant - floral visitor","non-inclus"
"315","LEMA","2020","species","code.plant","Lasioglossum_malachurum",0.0651737967914438,0,2.27272727272727,"Plant - floral visitor","non-inclus"
"316","LEMA","2020","species","code.plant","Lepidoptera",0.00167112299465241,0,0.454545454545455,"Plant - floral visitor","non-inclus"
"317","LEMA","2020","species","code.plant","Malachius_bipustulatus",0.0133689839572193,0,0.454545454545455,"Plant - floral visitor","non-inclus"
"318","LEMA","2020","species","code.plant","Musca_spp",0.0401069518716577,0,2.72727272727273,"Plant - floral visitor","non-inclus"
"319","LEMA","2020","species","code.plant","Nemotelus_spp",0.00167112299465241,0,0.454545454545455,"Plant - floral visitor","non-inclus"
"320","LEMA","2020","species","code.plant","Oedemeridae",0.0200534759358289,0,1.36363636363636,"Plant - floral visitor","non-inclus"
"321","LEMA","2020","species","code.plant","Osmia_ligurica",0.00668449197860963,0,1.81818181818182,"Plant - floral visitor","non-inclus"
"322","LEMA","2020","species","code.plant","Psilothrix_viridicoerulea",0.387700534759358,0,2.27272727272727,"Plant - floral visitor","non-inclus"
"323","LEMA","2020","species","code.plant","Sarcophaga_spp",0.0133689839572193,0,1.81818181818182,"Plant - floral visitor","non-inclus"
"324","LEMA","2020","species","code.plant","Sphaerophoria_scripta",0.0467914438502674,0,1.81818181818182,"Plant - floral visitor","non-inclus"
"325","LEMA","2020","species","code.plant","Tabanidae",0.00334224598930481,0,0.454545454545455,"Plant - floral visitor","non-inclus"
"326","LEMA","2020","species","code.plant","Ulidiidae_sp_wings_with_pattern",0.00668449197860963,0,0.454545454545455,"Plant - floral visitor","non-inclus"
"327","LEMA","2021","group","class","Forb",0.542579777008842,0,5,"Plant - plant","non-inclus"
"328","LEMA","2021","group","class","Grass",0.406574394463667,0,3.33333333333333,"Plant - plant","inclus"
"329","LEMA","2021","group","class","LEMA",0.180219146482122,0,1.80555555555556,"Intraspecific","non-inclus"
"330","LEMA","2021","group","class","beetle",0.00284958273967026,0,0.352941176470588,"Plant - herbivore","non-inclus"
"331","LEMA","2021","group","class","caterpillar",0.00203541624262162,0,0.117647058823529,"Plant - herbivore","non-inclus"
"332","LEMA","2021","group","class","grasshopper",0.0130266639527783,0,0.352941176470588,"Plant - herbivore","non-inclus"
"333","LEMA","2021","group","class","snail",0.63362507632811,0,5,"Plant - herbivore","non-inclus"
"334","LEMA","2021","group","class","bee",0.165146272412708,0,5,"Plant - floral visitor","non-inclus"
"335","LEMA","2021","group","class","butterfly",0.0125825731362064,0,0.909090909090909,"Plant - floral visitor","non-inclus"
"336","LEMA","2021","group","class","fly",0.290972003774772,0,2.27272727272727,"Plant - floral visitor","non-inclus"
"337","LEMA","2021","family","family","Amaranthaceae",0.0767012687427912,0,5,"Plant - plant","non-inclus"
"338","LEMA","2021","family","family","Asteraceae",0.132641291810842,0,1.33333333333333,"Plant - plant","non-inclus"
"339","LEMA","2021","family","family","Caryophyllaceae",0.0103806228373702,0,0.833333333333333,"Plant - plant","non-inclus"
"340","LEMA","2021","family","family","Fabaceae",0.0905420991926183,0,2,"Plant - plant","non-inclus"
"341","LEMA","2021","family","family","Gentianaceae",0.148212226066897,0,2.83333333333333,"Plant - plant","non-inclus"
"342","LEMA","2021","family","family","Plantaginaceae",0.0397923875432526,0,1.16666666666667,"Plant - plant","non-inclus"
"343","LEMA","2021","family","family","Poaceae",0.487889273356401,0,4,"Plant - plant","non-inclus"
"344","LEMA","2021","family","family","Primulacea",0.00461361014994233,0,0.333333333333333,"Plant - plant","non-inclus"
"345","LEMA","2021","family","family","LEMA",0.216262975778546,0,2.16666666666667,"Intraspecific","non-inclus"
"346","LEMA","2021","family","family","Acrididae",0.00126592961431344,0,0.182926829268293,"Plant - herbivore","non-inclus"
"347","LEMA","2021","family","family","Aphididae",0.000210988269052241,0,0.0609756097560976,"Plant - herbivore","non-inclus"
"348","LEMA","2021","family","family","Coccinellidae",0.000210988269052241,0,0.0609756097560976,"Plant - herbivore","non-inclus"
"349","LEMA","2021","family","family","Geomitridae",0.468604945565027,0,5,"Plant - herbivore","non-inclus"
"350","LEMA","2021","family","family","Helicidae",0.188201535994599,0,2.5609756097561,"Plant - herbivore","non-inclus"
"351","LEMA","2021","family","family","Pentatomidae",0.000632964807156722,0,0.182926829268293,"Plant - herbivore","non-inclus"
"352","LEMA","2021","family","family","Tettigoniidae",0.01223731960503,0,0.365853658536585,"Plant - herbivore","non-inclus"
"353","LEMA","2021","family","family","Andrenidae",0.0484429065743945,0,3,"Plant - floral visitor","non-inclus"
"354","LEMA","2021","family","family","Apidae",0.0259515570934256,0,3,"Plant - floral visitor","non-inclus"
"355","LEMA","2021","family","family","Bibionidae",0.00519031141868512,0,1,"Plant - floral visitor","non-inclus"
"356","LEMA","2021","family","family","Bombyliidae",0.0346020761245675,0,2,"Plant - floral visitor","non-inclus"
"357","LEMA","2021","family","family","Halictidae",0.027681660899654,0,1.5,"Plant - floral visitor","non-inclus"
"358","LEMA","2021","family","family","Megachilidae",0.013840830449827,0,1,"Plant - floral visitor","non-inclus"
"359","LEMA","2021","family","family","Muscidae",0.0121107266435986,0,1,"Plant - floral visitor","non-inclus"
"360","LEMA","2021","family","family","Oedemeridae",0.00519031141868512,0,0.5,"Plant - floral visitor","non-inclus"
"361","LEMA","2021","family","family","Pieridae",0.00346020761245675,0,1,"Plant - floral visitor","non-inclus"
"362","LEMA","2021","family","family","Syrphidae",0.389273356401384,0,5,"Plant - floral visitor","non-inclus"
"363","LEMA","2021","family","family","Ulidiidae",0.0069204152249135,0,1,"Plant - floral visitor","non-inclus"
"364","LEMA","2021","species","code.plant","ANAR",0.00461361014994233,0,0.333333333333333,"Plant - plant","non-inclus"
"365","LEMA","2021","species","code.plant","BEMA",0.0271049596309112,0,1.66666666666667,"Plant - plant","non-inclus"
"366","LEMA","2021","species","code.plant","CETE",0.145905420991926,0,2.83333333333333,"Plant - plant","non-inclus"
"367","LEMA","2021","species","code.plant","CHFU",0.0397923875432526,0,1,"Plant - plant","non-inclus"
"368","LEMA","2021","species","code.plant","CHMI",0.00346020761245675,0,0.666666666666667,"Plant - plant","non-inclus"
"369","LEMA","2021","species","code.plant","HOMA",0.433102652825836,0,4,"Plant - plant","non-inclus"
"370","LEMA","2021","species","code.plant","LEMA",0.216262975778546,0,2.16666666666667,"Plant - plant","non-inclus"
"371","LEMA","2021","species","code.plant","MEEL",0.00749711649365629,0,0.833333333333333,"Plant - plant","non-inclus"
"372","LEMA","2021","species","code.plant","MEPO",0.00115340253748558,0,0.166666666666667,"Plant - plant","non-inclus"
"373","LEMA","2021","species","code.plant","MESU",0.0790080738177624,0,2,"Plant - plant","non-inclus"
"374","LEMA","2021","species","code.plant","PAIN",0.0328719723183391,0,1.33333333333333,"Plant - plant","non-inclus"
"375","LEMA","2021","species","code.plant","PLCO",0.038638985005767,0,1.16666666666667,"Plant - plant","non-inclus"
"376","LEMA","2021","species","code.plant","POMA",0.013840830449827,0,0.666666666666667,"Plant - plant","non-inclus"
"377","LEMA","2021","species","code.plant","POMO",0.00346020761245675,0,0.333333333333333,"Plant - plant","non-inclus"
"378","LEMA","2021","species","code.plant","SASO",0.0455594002306805,0,5,"Plant - plant","non-inclus"
"379","LEMA","2021","species","code.plant","SCLA",0.0121107266435986,0,0.5,"Plant - plant","non-inclus"
"380","LEMA","2021","species","code.plant","SOAS",0.0726643598615917,0,1.33333333333333,"Plant - plant","non-inclus"
"381","LEMA","2021","species","code.plant","SPRU",0.0103806228373702,0,0.833333333333333,"Intraspecific","non-inclus"
"382","LEMA","2021","species","code.plant","Aelia_spp",0.000632964807156722,0,0.182926829268293,"Plant - herbivore","non-inclus"
"383","LEMA","2021","species","code.plant","Agapanthia_annularis",0.00210988269052241,0,0.365853658536585,"Plant - herbivore","non-inclus"
"384","LEMA","2021","species","code.plant","Aphis_fabae",0.000210988269052241,0,0.0609756097560976,"Plant - herbivore","non-inclus"
"385","LEMA","2021","species","code.plant","Calamobius_filum",0.000632964807156722,0,0.182926829268293,"Plant - herbivore","non-inclus"
"386","LEMA","2021","species","code.plant","Cochlicella_barbara",0.468604945565027,0,5,"Plant - herbivore","non-inclus"
"387","LEMA","2021","species","code.plant","Conocephalus_dorsalis",0.000632964807156722,0,0.182926829268293,"Plant - herbivore","non-inclus"
"388","LEMA","2021","species","code.plant","Dociostaurus_jagoi",0.00126592961431344,0,0.182926829268293,"Plant - herbivore","non-inclus"
"389","LEMA","2021","species","code.plant","Geometridae_sp_brown_naked_larva",0.000210988269052241,0,0.0609756097560976,"Plant - herbivore","non-inclus"
"390","LEMA","2021","species","code.plant","Lasiocampa_trifolii_larva",0.00126592961431344,0,0.121951219512195,"Plant - herbivore","non-inclus"
"391","LEMA","2021","species","code.plant","Lepidoptera_sp_green_naked_larva",0.000632964807156722,0,0.0609756097560976,"Plant - herbivore","non-inclus"
"392","LEMA","2021","species","code.plant","Otala_lactea",0.000210988269052241,0,0.0609756097560976,"Plant - herbivore","non-inclus"
"393","LEMA","2021","species","code.plant","Tessellana_tessellata",0.0116043547978732,0,0.365853658536585,"Plant - herbivore","non-inclus"
"394","LEMA","2021","species","code.plant","Theba_pisana",0.187990547725547,0,2.5609756097561,"Plant - herbivore","non-inclus"
"395","LEMA","2021","species","code.plant","Andrena_spp",0.0220195029883611,0,1.36363636363636,"Plant - floral visitor","non-inclus"
"396","LEMA","2021","species","code.plant","Apidae",0.00786410821012897,0,1.36363636363636,"Plant - floral visitor","non-inclus"
"397","LEMA","2021","species","code.plant","Apis_mellifera",0.000786410821012897,0,0.227272727272727,"Plant - floral visitor","non-inclus"
"398","LEMA","2021","species","code.plant","Bibionidae",0.000786410821012897,0,0.227272727272727,"Plant - floral visitor","non-inclus"
"399","LEMA","2021","species","code.plant","Bombyliidae",0.0157282164202579,0,0.909090909090909,"Plant - floral visitor","non-inclus"
"400","LEMA","2021","species","code.plant","Calliphoridae",0.00471846492607738,0,0.909090909090909,"Plant - floral visitor","non-inclus"
"401","LEMA","2021","species","code.plant","Colias_croceus",0.00157282164202579,0,0.454545454545455,"Plant - floral visitor","non-inclus"
"402","LEMA","2021","species","code.plant","Dilophus_spp",0.00157282164202579,0,0.454545454545455,"Plant - floral visitor","non-inclus"
"403","LEMA","2021","species","code.plant","Diptera",0.0825731362063541,0,1.81818181818182,"Plant - floral visitor","non-inclus"
"404","LEMA","2021","species","code.plant","Episyrphus_balteatus",0.00157282164202579,0,0.227272727272727,"Plant - floral visitor","non-inclus"
"405","LEMA","2021","species","code.plant","Eristalinus_taeniops",0.00235923246303869,0,0.454545454545455,"Plant - floral visitor","non-inclus"
"406","LEMA","2021","species","code.plant","Eristalis_similis",0.0117961623151935,0,0.909090909090909,"Plant - floral visitor","non-inclus"
"407","LEMA","2021","species","code.plant","Eucera_spp",0.00314564328405159,0,0.681818181818182,"Plant - floral visitor","non-inclus"
"408","LEMA","2021","species","code.plant","Eupeodes_corollae",0.0471846492607738,0,2.27272727272727,"Plant - floral visitor","non-inclus"
"409","LEMA","2021","species","code.plant","Halictidae",0.000786410821012897,0,0.227272727272727,"Plant - floral visitor","non-inclus"
"410","LEMA","2021","species","code.plant","Hymenoptera",0.112456747404844,0,5,"Plant - floral visitor","non-inclus"
"411","LEMA","2021","species","code.plant","Lasioglossum_immunitum",0.0117961623151935,0,0.681818181818182,"Plant - floral visitor","non-inclus"
"412","LEMA","2021","species","code.plant","Lepidoptera",0.00943692985215477,0,0.909090909090909,"Plant - floral visitor","non-inclus"
"413","LEMA","2021","species","code.plant","Lomatia_spp",0.00157282164202579,0,0.454545454545455,"Plant - floral visitor","non-inclus"
"414","LEMA","2021","species","code.plant","Malachius_bipustulatus",0.00157282164202579,0,0.454545454545455,"Plant - floral visitor","non-inclus"
"415","LEMA","2021","species","code.plant","Musca_spp",0.00550487574709028,0,0.454545454545455,"Plant - floral visitor","non-inclus"
"416","LEMA","2021","species","code.plant","Oedemeridae",0.00235923246303869,0,0.227272727272727,"Plant - floral visitor","non-inclus"
"417","LEMA","2021","species","code.plant","Osmia_spp",0.00629128656810318,0,0.454545454545455,"Plant - floral visitor","non-inclus"
"418","LEMA","2021","species","code.plant","Psilothrix_viridicoerulea",0.076281849638251,0,1.36363636363636,"Plant - floral visitor","non-inclus"
"419","LEMA","2021","species","code.plant","Sphaerophoria_scripta",0.0597672223969801,0,1.13636363636364,"Plant - floral visitor","non-inclus"
"420","LEMA","2021","species","code.plant","Syrphidae",0.0526895250078641,0,0.909090909090909,"Plant - floral visitor","non-inclus"
"421","LEMA","2021","species","code.plant","Ulidiidae_sp_wings_with_pattern",0.00314564328405159,0,0.454545454545455,"Plant - floral visitor","non-inclus"
"422","HOMA","2019","group","class","Forb",0.191801619433198,0,1,"Plant - plant","non-inclus"
"423","HOMA","2019","group","class","Grass",0.348178137651822,0,2.75,"Plant - plant","non-inclus"
"424","HOMA","2019","group","class","HOMA",3.6664979757085,0,5,"Intraspecific","non-inclus"
"425","HOMA","2019","group","class","beetle",0.0496524329692155,0,0.377358490566038,"Plant - herbivore","non-inclus"
"426","HOMA","2019","group","class","caterpillar",0.0110763119700558,0,0.283018867924528,"Plant - herbivore","non-inclus"
"427","HOMA","2019","group","class","grasshopper",0.0557635016423498,0,0.377358490566038,"Plant - herbivore","non-inclus"
"428","HOMA","2019","group","class","snail",0.732946298984035,0,5,"Plant - herbivore","non-inclus"
"429","HOMA","2019","group","class","NoPoll",0,0,0,"Plant - floral visitor","non-inclus"
"430","HOMA","2019","family","family","Amaranthaceae",0.00657894736842105,0,0.375,"Plant - plant","non-inclus"
"431","HOMA","2019","family","family","Asteraceae",0.117408906882591,0,0.875,"Plant - plant","non-inclus"
"432","HOMA","2019","family","family","Caryophyllaceae",0.0055668016194332,0,0.25,"Plant - plant","non-inclus"
"433","HOMA","2019","family","family","Fabaceae",0.0430161943319838,0,0.625,"Plant - plant","non-inclus"
"434","HOMA","2019","family","family","Gentianaceae",0.00404858299595142,0,0.25,"Plant - plant","non-inclus"
"435","HOMA","2019","family","family","Plantaginaceae",0.0111336032388664,0,0.375,"Plant - plant","non-inclus"
"436","HOMA","2019","family","family","Poaceae",0.348178137651822,0,2.75,"Plant - plant","non-inclus"
"437","HOMA","2019","family","family","HOMA",3.6664979757085,0,5,"Intraspecific","non-inclus"
"438","HOMA","2019","family","family","Acrididae",0.00194643413266895,0,0.0961538461538462,"Plant - herbivore","non-inclus"
"439","HOMA","2019","family","family","Aphididae",0.0077857365306758,0,1.44230769230769,"Plant - herbivore","non-inclus"
"440","HOMA","2019","family","family","Aphrophoridae",0.00077857365306758,0,0.0961538461538462,"Plant - herbivore","non-inclus"
"441","HOMA","2019","family","family","Cercopoidea",0.00077857365306758,0,0.0961538461538462,"Plant - herbivore","non-inclus"
"442","HOMA","2019","family","family","Coccinellidae",0.00194643413266895,0,0.384615384615385,"Plant - herbivore","non-inclus"
"443","HOMA","2019","family","family","Geomitridae",0.654391155403301,0,5,"Plant - herbivore","non-inclus"
"444","HOMA","2019","family","family","Gryllidae",0.00194643413266895,0,0.0961538461538462,"Plant - herbivore","non-inclus"
"445","HOMA","2019","family","family","Helicidae",0.0879788227966366,0,0.961538461538462,"Plant - herbivore","non-inclus"
"446","HOMA","2019","family","family","Miridae",0.00116786047960137,0,0.0961538461538462,"Plant - herbivore","non-inclus"
"447","HOMA","2019","family","family","Nitidulidae",0.00116786047960137,0,0.0961538461538462,"Plant - herbivore","non-inclus"
"448","HOMA","2019","family","family","Pentatomidae",0.0124571784490813,0,0.480769230769231,"Plant - herbivore","non-inclus"
"449","HOMA","2019","family","family","Tettigoniidae",0.0428215509187169,0,0.384615384615385,"Plant - herbivore","non-inclus"
"450","HOMA","2019","family","family","NoPoll",0,0,0,"Plant - floral visitor","non-inclus"
"451","HOMA","2019","species","code.plant","BEMA",0.00657894736842105,0,0.375,"Plant - plant","non-inclus"
"452","HOMA","2019","species","code.plant","CETE",0.00404858299595142,0,0.25,"Plant - plant","non-inclus"
"453","HOMA","2019","species","code.plant","CHFU",0.0161943319838057,0,0.375,"Plant - plant","non-inclus"
"454","HOMA","2019","species","code.plant","HOMA",3.6664979757085,0,5,"Plant - plant","non-inclus"
"455","HOMA","2019","species","code.plant","LEMA",0.0996963562753036,0,0.625,"Plant - plant","non-inclus"
"456","HOMA","2019","species","code.plant","MEEL",0.00404858299595142,0,0.125,"Plant - plant","non-inclus"
"457","HOMA","2019","species","code.plant","MESU",0.0389676113360324,0,0.625,"Plant - plant","non-inclus"
"458","HOMA","2019","species","code.plant","PAIN",0.00101214574898785,0,0.125,"Plant - plant","non-inclus"
"459","HOMA","2019","species","code.plant","PLCO",0.0111336032388664,0,0.375,"Plant - plant","non-inclus"
"460","HOMA","2019","species","code.plant","POMA",0.343117408906883,0,2.5,"Plant - plant","non-inclus"
"461","HOMA","2019","species","code.plant","POMO",0.00404858299595142,0,0.625,"Plant - plant","non-inclus"
"462","HOMA","2019","species","code.plant","SOAS",0.00151821862348178,0,0.25,"Plant - plant","non-inclus"
"463","HOMA","2019","species","code.plant","SPRU",0.0055668016194332,0,0.25,"Intraspecific","non-inclus"
"464","HOMA","2019","species","code.plant","Aelia_spp",0.00856431018374339,0,0.0961538461538462,"Plant - herbivore","non-inclus"
"465","HOMA","2019","species","code.plant","Aiolopus_strepens",0.00155714730613516,0,0.0961538461538462,"Plant - herbivore","non-inclus"
"466","HOMA","2019","species","code.plant","Aphis_fabae",0.0077857365306758,0,1.44230769230769,"Plant - herbivore","non-inclus"
"467","HOMA","2019","species","code.plant","Brassicogethes_spp",0.00116786047960137,0,0.0961538461538462,"Plant - herbivore","non-inclus"
"468","HOMA","2019","species","code.plant","Cercopoidea",0.00077857365306758,0,0.0961538461538462,"Plant - herbivore","non-inclus"
"469","HOMA","2019","species","code.plant","Cochlicella_barbara",0.654391155403301,0,5,"Plant - herbivore","non-inclus"
"470","HOMA","2019","species","code.plant","Colias_crocea_larva",0.00038928682653379,0,0.0961538461538462,"Plant - herbivore","non-inclus"
"471","HOMA","2019","species","code.plant","Conocephalus_dorsalis",0.00467144191840548,0,0.0961538461538462,"Plant - herbivore","non-inclus"
"472","HOMA","2019","species","code.plant","Dociostaurus_jagoi",0.00038928682653379,0,0.0961538461538462,"Plant - herbivore","non-inclus"
"473","HOMA","2019","species","code.plant","Gastropoda",0.00467144191840548,0,0.288461538461538,"Plant - herbivore","non-inclus"
"474","HOMA","2019","species","code.plant","Gryllus_bimaculatus",0.00194643413266895,0,0.0961538461538462,"Plant - herbivore","non-inclus"
"475","HOMA","2019","species","code.plant","Lasiocampa_trifolii_larva",0.00856431018374338,0,0.288461538461538,"Plant - herbivore","non-inclus"
"476","HOMA","2019","species","code.plant","Lepidoptera_larva",0.00233572095920274,0,0.0961538461538462,"Plant - herbivore","non-inclus"
"477","HOMA","2019","species","code.plant","Miridae",0.00116786047960137,0,0.0961538461538462,"Plant - herbivore","non-inclus"
"478","HOMA","2019","species","code.plant","Orthoptera",0.0101214574898785,0,0.192307692307692,"Plant - herbivore","non-inclus"
"479","HOMA","2019","species","code.plant","Otala_lactea",0.00116786047960137,0,0.0961538461538462,"Plant - herbivore","non-inclus"
"480","HOMA","2019","species","code.plant","Pentatomidae",0.0038928682653379,0,0.480769230769231,"Plant - herbivore","non-inclus"
"481","HOMA","2019","species","code.plant","Philaenus_spumarius",0.00077857365306758,0,0.0961538461538462,"Plant - herbivore","non-inclus"
"482","HOMA","2019","species","code.plant","Tessellana_tessellata",0.0381501090003114,0,0.288461538461538,"Plant - herbivore","non-inclus"
"483","HOMA","2019","species","code.plant","Theba_pisana",0.0868109623170352,0,0.961538461538462,"Plant - herbivore","non-inclus"
"484","HOMA","2019","species","code.plant","NoPoll",0,0,0,"Plant - floral visitor","non-inclus"
"485","HOMA","2020","group","class","Forb",0.860139860139861,0,5,"Plant - plant","non-inclus"
"486","HOMA","2020","group","class","Grass",0.115384615384615,0,1.81818181818182,"Plant - plant","non-inclus"
"487","HOMA","2020","group","class","HOMA",0.825174825174825,0,4.09090909090909,"Intraspecific","non-inclus"
"488","HOMA","2020","group","class","beetle",0.0384615384615385,0,0.714285714285714,"Plant - herbivore","non-inclus"
"489","HOMA","2020","group","class","caterpillar",0.0842490842490842,0,5,"Plant - herbivore","non-inclus"
"490","HOMA","2020","group","class","grasshopper",0.408424908424908,0,2.5,"Plant - herbivore","non-inclus"
"491","HOMA","2020","group","class","snail",0.256410256410256,0,3.57142857142857,"Plant - herbivore","non-inclus"
"492","HOMA","2020","group","class","NoPoll",0,0,0,"Plant - floral visitor","non-inclus"
"493","HOMA","2020","family","family","Amaranthaceae",0.193732193732194,0,3.05555555555556,"Plant - plant","non-inclus"
"494","HOMA","2020","family","family","Asteraceae",0.43019943019943,0,2.77777777777778,"Plant - plant","non-inclus"
"495","HOMA","2020","family","family","Caryophyllaceae",0.0441595441595442,0,1.38888888888889,"Plant - plant","non-inclus"
"496","HOMA","2020","family","family","Fabaceae",0.0726495726495727,0,2.5,"Plant - plant","non-inclus"
"497","HOMA","2020","family","family","Gentianaceae",0.138176638176638,0,2.22222222222222,"Plant - plant","non-inclus"
"498","HOMA","2020","family","family","Plantaginaceae",0.0341880341880342,0,1.38888888888889,"Plant - plant","non-inclus"
"499","HOMA","2020","family","family","Poaceae",0.141025641025641,0,2.22222222222222,"Plant - plant","non-inclus"
"500","HOMA","2020","family","family","HOMA",1.00854700854701,0,5,"Intraspecific","non-inclus"
"501","HOMA","2020","family","family","Acrididae",0.0307692307692308,0,1,"Plant - herbivore","non-inclus"
"502","HOMA","2020","family","family","Coccinellidae",0.00512820512820513,0,1,"Plant - herbivore","non-inclus"
"503","HOMA","2020","family","family","Geomitridae",0.269230769230769,0,5,"Plant - herbivore","non-inclus"
"504","HOMA","2020","family","family","Helicidae",0.0923076923076923,0,2,"Plant - herbivore","non-inclus"
"505","HOMA","2020","family","family","Pentatomidae",0.0358974358974359,0,1,"Plant - herbivore","non-inclus"
"506","HOMA","2020","family","family","Tettigoniidae",0.541025641025641,0,3.5,"Plant - herbivore","non-inclus"
"507","HOMA","2020","family","family","NoPoll",0,0,0,"Plant - floral visitor","non-inclus"
"508","HOMA","2020","species","code.plant","BEMA",0.128205128205128,0,1.11111111111111,"Plant - plant","non-inclus"
"509","HOMA","2020","species","code.plant","CETE",0.132478632478632,0,2.22222222222222,"Plant - plant","non-inclus"
"510","HOMA","2020","species","code.plant","CHFU",0.0341880341880342,0,0.833333333333333,"Plant - plant","non-inclus"
"511","HOMA","2020","species","code.plant","CHMI",0.0113960113960114,0,0.555555555555556,"Plant - plant","non-inclus"
"512","HOMA","2020","species","code.plant","HOMA",1.00854700854701,0,5,"Plant - plant","non-inclus"
"513","HOMA","2020","species","code.plant","LEMA",0.296296296296297,0,2.77777777777778,"Plant - plant","non-inclus"
"514","HOMA","2020","species","code.plant","MEEL",0.00142450142450142,0,0.277777777777778,"Plant - plant","inclus"
"515","HOMA","2020","species","code.plant","MEPO",0.0227920227920228,0,1.11111111111111,"Plant - plant","non-inclus"
"516","HOMA","2020","species","code.plant","MESU",0.0484330484330484,0,1.66666666666667,"Plant - plant","non-inclus"
"517","HOMA","2020","species","code.plant","PAIN",0.0783475783475784,0,1.38888888888889,"Plant - plant","non-inclus"
"518","HOMA","2020","species","code.plant","PLCO",0.0341880341880342,0,1.38888888888889,"Plant - plant","non-inclus"
"519","HOMA","2020","species","code.plant","POMA",0.0284900284900285,0,1.38888888888889,"Plant - plant","non-inclus"
"520","HOMA","2020","species","code.plant","POMO",0.00427350427350427,0,0.555555555555556,"Plant - plant","non-inclus"
"521","HOMA","2020","species","code.plant","PUPA",0.0598290598290599,0,2.22222222222222,"Plant - plant","non-inclus"
"522","HOMA","2020","species","code.plant","SASO",0.0626780626780627,0,3.05555555555556,"Plant - plant","non-inclus"
"523","HOMA","2020","species","code.plant","SCLA",0.00712250712250712,0,0.555555555555556,"Plant - plant","non-inclus"
"524","HOMA","2020","species","code.plant","SOAS",0.0113960113960114,0,0.555555555555556,"Plant - plant","non-inclus"
"525","HOMA","2020","species","code.plant","SPRU",0.0398860398860399,0,1.38888888888889,"Intraspecific","non-inclus"
"526","HOMA","2020","species","code.plant","Aelia_spp",0.0276134122287968,0,0.769230769230769,"Plant - herbivore","non-inclus"
"527","HOMA","2020","species","code.plant","Aiolopus_strepens",0.0236686390532544,0,0.769230769230769,"Plant - herbivore","non-inclus"
"528","HOMA","2020","species","code.plant","Cleta_ramosaria_larva",0.0019723865877712,0,0.384615384615385,"Plant - herbivore","non-inclus"
"529","HOMA","2020","species","code.plant","Cochlicella_barbara",0.205128205128205,0,3.84615384615385,"Plant - herbivore","non-inclus"
"530","HOMA","2020","species","code.plant","Coscinia_spp_larva",0.0019723865877712,0,0.384615384615385,"Plant - herbivore","non-inclus"
"531","HOMA","2020","species","code.plant","Geometridae_larva",0.00394477317554241,0,0.769230769230769,"Plant - herbivore","non-inclus"
"532","HOMA","2020","species","code.plant","Lasiocampa_trifolii_larva",0.0571992110453649,0,1.53846153846154,"Plant - herbivore","non-inclus"
"533","HOMA","2020","species","code.plant","Lepidoptera_larva",0.0256410256410256,0,5,"Plant - herbivore","non-inclus"
"534","HOMA","2020","species","code.plant","Tessellana_tessellata",0.416173570019724,0,2.69230769230769,"Plant - herbivore","non-inclus"
"535","HOMA","2020","species","code.plant","Theba_pisana",0.0710059171597633,0,1.53846153846154,"Plant - herbivore","non-inclus"
"536","HOMA","2020","species","code.plant","NoPoll",0,0,0,"Plant - floral visitor","non-inclus"
"537","HOMA","2021","group","class","Forb",0.690158465387823,0,5,"Plant - plant","non-inclus"
"538","HOMA","2021","group","class","Grass",0.0521267723102586,0,0.757575757575758,"Plant - plant","non-inclus"
"539","HOMA","2021","group","class","HOMA",0.463580761745899,0,3.18181818181818,"Intraspecific","non-inclus"
"540","HOMA","2021","group","class","beetle",0.00112798917130396,0,0.122950819672131,"Plant - herbivore","non-inclus"
"541","HOMA","2021","group","class","caterpillar",0.000563994585651978,0,0.040983606557377,"Plant - herbivore","non-inclus"
"542","HOMA","2021","group","class","grasshopper",0.0112798917130396,0,0.655737704918033,"Plant - herbivore","non-inclus"
"543","HOMA","2021","group","class","snail",0.401752143179425,0,5,"Plant - herbivore","non-inclus"
"544","HOMA","2021","group","class","butterfly",0.0458715596330275,0,5,"Plant - floral visitor","non-inclus"
"545","HOMA","2021","family","family","Amaranthaceae",0.0764525993883791,0,1.66666666666667,"Plant - plant","non-inclus"
"546","HOMA","2021","family","family","Asteraceae",0.566841415465269,0,3.80952380952381,"Plant - plant","non-inclus"
"547","HOMA","2021","family","family","Caryophyllaceae",0.00982961992136304,0,0.714285714285714,"Plant - plant","non-inclus"
"548","HOMA","2021","family","family","Fabaceae",0.0535168195718654,0,1.19047619047619,"Plant - plant","non-inclus"
"549","HOMA","2021","family","family","Gentianaceae",0.167103538663172,0,2.85714285714286,"Plant - plant","non-inclus"
"550","HOMA","2021","family","family","Plantaginaceae",0.0393184796854522,0,1.66666666666667,"Plant - plant","non-inclus"
"551","HOMA","2021","family","family","Poaceae",0.0819134993446919,0,1.19047619047619,"Plant - plant","non-inclus"
"552","HOMA","2021","family","family","Primulacea",0.00436871996505024,0,0.238095238095238,"Plant - plant","non-inclus"
"553","HOMA","2021","family","family","HOMA",0.728484054172128,0,5,"Intraspecific","non-inclus"
"554","HOMA","2021","family","family","Acrididae",0.000751992780869304,0,0.122950819672131,"Plant - herbivore","non-inclus"
"555","HOMA","2021","family","family","Geomitridae",0.314708978793803,0,5,"Plant - herbivore","non-inclus"
"556","HOMA","2021","family","family","Helicidae",0.0870431643856219,0,2.04918032786885,"Plant - herbivore","non-inclus"
"557","HOMA","2021","family","family","Pentatomidae",0.000751992780869304,0,0.0819672131147541,"Plant - herbivore","non-inclus"
"558","HOMA","2021","family","family","Tettigoniidae",0.0105278989321702,0,0.655737704918033,"Plant - herbivore","non-inclus"
"559","HOMA","2021","family","family","NoPoll",0,0,0,"Plant - floral visitor","non-inclus"
"560","HOMA","2021","species","code.plant","ANAR",0.00218435998252512,0,0.238095238095238,"Plant - plant","non-inclus"
"561","HOMA","2021","species","code.plant","BEMA",0.0578855395369156,0,1.19047619047619,"Plant - plant","non-inclus"
"562","HOMA","2021","species","code.plant","CETE",0.14089121887287,0,2.85714285714286,"Plant - plant","non-inclus"
"563","HOMA","2021","species","code.plant","CHFU",0.0480559196155526,0,1.19047619047619,"Plant - plant","non-inclus"
"564","HOMA","2021","species","code.plant","CHMI",0.00655307994757536,0,0.714285714285714,"Plant - plant","non-inclus"
"565","HOMA","2021","species","code.plant","HOMA",0.728484054172128,0,5,"Plant - plant","non-inclus"
"566","HOMA","2021","species","code.plant","LEMA",0.386631716906946,0,2.85714285714286,"Plant - plant","non-inclus"
"567","HOMA","2021","species","code.plant","MEEL",0.00982961992136304,0,1.19047619047619,"Plant - plant","non-inclus"
"568","HOMA","2021","species","code.plant","MEPO",0.0054608999563128,0,0.476190476190476,"Plant - plant","non-inclus"
"569","HOMA","2021","species","code.plant","MESU",0.037134119702927,0,0.952380952380952,"Plant - plant","non-inclus"
"570","HOMA","2021","species","code.plant","PAIN",0.0447793796417649,0,1.19047619047619,"Plant - plant","non-inclus"
"571","HOMA","2021","species","code.plant","PLCO",0.037134119702927,0,1.66666666666667,"Plant - plant","non-inclus"
"572","HOMA","2021","species","code.plant","POMA",0.0185670598514635,0,0.952380952380952,"Plant - plant","non-inclus"
"573","HOMA","2021","species","code.plant","POMO",0.00327653997378768,0,0.238095238095238,"Plant - plant","non-inclus"
"574","HOMA","2021","species","code.plant","SASO",0.0120139799038882,0,1.66666666666667,"Plant - plant","non-inclus"
"575","HOMA","2021","species","code.plant","SCLA",0.0327653997378768,0,3.57142857142857,"Plant - plant","non-inclus"
"576","HOMA","2021","species","code.plant","SOAS",0.0480559196155526,0,0.714285714285714,"Plant - plant","non-inclus"
"577","HOMA","2021","species","code.plant","SPRU",0.00982961992136304,0,0.714285714285714,"Intraspecific","non-inclus"
"578","HOMA","2021","species","code.plant","Aelia_spp",0.000751992780869304,0,0.0819672131147541,"Plant - herbivore","non-inclus"
"579","HOMA","2021","species","code.plant","Agapanthia_annularis",0.00112798917130396,0,0.122950819672131,"Plant - herbivore","non-inclus"
"580","HOMA","2021","species","code.plant","Aiolopus_strepens",0.000187998195217326,0,0.040983606557377,"Plant - herbivore","non-inclus"
"581","HOMA","2021","species","code.plant","Cochlicella_barbara",0.314708978793803,0,5,"Plant - herbivore","non-inclus"
"582","HOMA","2021","species","code.plant","Dociostaurus_jagoi",0.000563994585651978,0,0.122950819672131,"Plant - herbivore","non-inclus"
"583","HOMA","2021","species","code.plant","Lasiocampa_trifolii_larva",0.000375996390434652,0,0.040983606557377,"Plant - herbivore","non-inclus"
"584","HOMA","2021","species","code.plant","Lepidoptera_sp_green_naked_larva",0.000187998195217326,0,0.040983606557377,"Plant - herbivore","non-inclus"
"585","HOMA","2021","species","code.plant","Tessellana_tessellata",0.0105278989321702,0,0.655737704918033,"Plant - herbivore","non-inclus"
"586","HOMA","2021","species","code.plant","Theba_pisana",0.0870431643856219,0,2.04918032786885,"Plant - herbivore","non-inclus"
"587","HOMA","2021","species","code.plant","Lepidoptera",0.0458715596330275,0,5,"Plant - floral visitor","non-inclus"
"588","CHFU","2019","group","class","Forb",0.151333333333334,0,1,"Plant - plant","non-inclus"
"589","CHFU","2019","group","class","Grass",1.027,0,5,"Plant - plant","non-inclus"
"590","CHFU","2019","group","class","CHFU",0.115,0,1.5,"Intraspecific","non-inclus"
"591","CHFU","2019","group","class","beetle",0.0444444444444444,0,5,"Plant - herbivore","non-inclus"
"592","CHFU","2019","group","class","caterpillar",0.0166666666666667,0,1.66666666666667,"Plant - herbivore","non-inclus"
"593","CHFU","2019","group","class","grasshopper",0.00555555555555556,0,1.66666666666667,"Plant - herbivore","non-inclus"
"594","CHFU","2019","group","class","snail",0.0388888888888889,0,5,"Plant - herbivore","non-inclus"
"595","CHFU","2019","group","class","bee",0.01875,0,1.25,"Plant - floral visitor","non-inclus"
"596","CHFU","2019","group","class","fly",0.529166666666667,0,5,"Plant - floral visitor","non-inclus"
"597","CHFU","2019","group","class","wasp",0.00208333333333333,0,0.625,"Plant - floral visitor","non-inclus"
"598","CHFU","2019","family","family","Amaranthaceae",0.002,0,0.3,"Plant - plant","non-inclus"
"599","CHFU","2019","family","family","Asteraceae",0.0956666666666668,0,0.6,"Plant - plant","non-inclus"
"600","CHFU","2019","family","family","Caryophyllaceae",0.00166666666666667,0,0.2,"Plant - plant","non-inclus"
"601","CHFU","2019","family","family","Fabaceae",0.021,0,0.7,"Plant - plant","non-inclus"
"602","CHFU","2019","family","family","Gentianaceae",0.001,0,0.2,"Plant - plant","non-inclus"
"603","CHFU","2019","family","family","Plantaginaceae",0.0196666666666667,0,0.3,"Plant - plant","non-inclus"
"604","CHFU","2019","family","family","Poaceae",1.027,0,5,"Plant - plant","non-inclus"
"605","CHFU","2019","family","family","Ranunculuc",0.00933333333333334,0,0.2,"Plant - plant","non-inclus"
"606","CHFU","2019","family","family","CHFU",0.115,0,1.5,"Intraspecific","non-inclus"
"607","CHFU","2019","family","family","Coccinellidae",0.0166666666666667,0,2.14285714285714,"Plant - herbivore","non-inclus"
"608","CHFU","2019","family","family","Geomitridae",0.00952380952380952,0,2.14285714285714,"Plant - herbivore","non-inclus"
"609","CHFU","2019","family","family","Helicidae",0.00476190476190476,0,0.714285714285714,"Plant - herbivore","non-inclus"
"610","CHFU","2019","family","family","Miridae",0.0238095238095238,0,1.42857142857143,"Plant - herbivore","non-inclus"
"611","CHFU","2019","family","family","Pentatomidae",0.0166666666666667,0,5,"Plant - herbivore","non-inclus"
"612","CHFU","2019","family","family","Tettigoniidae",0.00238095238095238,0,0.714285714285714,"Plant - herbivore","non-inclus"
"613","CHFU","2019","family","family","Andrenidae",0.00714285714285714,0,1.42857142857143,"Plant - floral visitor","non-inclus"
"614","CHFU","2019","family","family","Apidae",0.00952380952380952,0,0.714285714285714,"Plant - floral visitor","non-inclus"
"615","CHFU","2019","family","family","Bibionidae",0.302380952380952,0,5,"Plant - floral visitor","non-inclus"
"616","CHFU","2019","family","family","Chrysididae",0.00238095238095238,0,0.714285714285714,"Plant - floral visitor","non-inclus"
"617","CHFU","2019","family","family","Empididae",0.0523809523809524,0,1.42857142857143,"Plant - floral visitor","non-inclus"
"618","CHFU","2019","family","family","Muscidae",0.00238095238095238,0,0.714285714285714,"Plant - floral visitor","non-inclus"
"619","CHFU","2019","family","family","Stratiomyidae",0.00476190476190476,0,0.714285714285714,"Plant - floral visitor","non-inclus"
"620","CHFU","2019","family","family","Syrphidae",0.0952380952380952,0,2.14285714285714,"Plant - floral visitor","non-inclus"
"621","CHFU","2019","family","family","Ulidiidae",0.00238095238095238,0,0.714285714285714,"Plant - floral visitor","non-inclus"
"622","CHFU","2019","species","code.plant","BEMA",0.000333333333333333,0,0.1,"Plant - plant","non-inclus"
"623","CHFU","2019","species","code.plant","CETE",0.001,0,0.2,"Plant - plant","non-inclus"
"624","CHFU","2019","species","code.plant","CHFU",0.115,0,1.5,"Plant - plant","non-inclus"
"625","CHFU","2019","species","code.plant","HOMA",1.02266666666667,0,5,"Plant - plant","non-inclus"
"626","CHFU","2019","species","code.plant","LEMA",0.0796666666666668,0,0.5,"Plant - plant","non-inclus"
"627","CHFU","2019","species","code.plant","MEEL",0.0206666666666667,0,0.7,"Plant - plant","non-inclus"
"628","CHFU","2019","species","code.plant","MEPO",0.000333333333333333,0,0.1,"Plant - plant","non-inclus"
"629","CHFU","2019","species","code.plant","PLCO",0.0196666666666667,0,0.3,"Plant - plant","non-inclus"
"630","CHFU","2019","species","code.plant","POMA",0.00433333333333333,0,0.5,"Plant - plant","non-inclus"
"631","CHFU","2019","species","code.plant","RAPE",0.00933333333333334,0,0.2,"Plant - plant","non-inclus"
"632","CHFU","2019","species","code.plant","SCLA",0.000666666666666667,0,0.1,"Plant - plant","non-inclus"
"633","CHFU","2019","species","code.plant","SOAS",0.0153333333333333,0,0.5,"Plant - plant","non-inclus"
"634","CHFU","2019","species","code.plant","SPRU",0.00166666666666667,0,0.2,"Plant - plant","non-inclus"
"635","CHFU","2019","species","code.plant","SUSP",0.00166666666666667,0,0.3,"Intraspecific","non-inclus"
"636","CHFU","2019","species","code.plant","Cochlicella_barbara",0.00952380952380952,0,2.14285714285714,"Plant - herbivore","non-inclus"
"637","CHFU","2019","species","code.plant","Colias_crocea_larva",0.00238095238095238,0,0.714285714285714,"Plant - herbivore","non-inclus"
"638","CHFU","2019","species","code.plant","Conocephalus_dorsalis",0.00238095238095238,0,0.714285714285714,"Plant - herbivore","non-inclus"
"639","CHFU","2019","species","code.plant","Gastropoda",0.00238095238095238,0,0.714285714285714,"Plant - herbivore","non-inclus"
"640","CHFU","2019","species","code.plant","Lasiocampa_trifolii_larva",0.00476190476190476,0,0.714285714285714,"Plant - herbivore","non-inclus"
"641","CHFU","2019","species","code.plant","Miridae",0.0238095238095238,0,1.42857142857143,"Plant - herbivore","non-inclus"
"642","CHFU","2019","species","code.plant","Pentatomidae",0.0166666666666667,0,5,"Plant - herbivore","non-inclus"
"643","CHFU","2019","species","code.plant","Theba_pisana",0.00476190476190476,0,0.714285714285714,"Plant - herbivore","non-inclus"
"644","CHFU","2019","species","code.plant","Andrena_spp",0.00714285714285714,0,1.42857142857143,"Plant - floral visitor","non-inclus"
"645","CHFU","2019","species","code.plant","Apidae",0.00952380952380952,0,0.714285714285714,"Plant - floral visitor","non-inclus"
"646","CHFU","2019","species","code.plant","Calliphoridae",0.00238095238095238,0,0.714285714285714,"Plant - floral visitor","non-inclus"
"647","CHFU","2019","species","code.plant","Dilophus_spp",0.302380952380952,0,5,"Plant - floral visitor","non-inclus"
"648","CHFU","2019","species","code.plant","Diplazon_spp",0.00238095238095238,0,0.714285714285714,"Plant - floral visitor","non-inclus"
"649","CHFU","2019","species","code.plant","Diptera",0.135714285714286,0,5,"Plant - floral visitor","non-inclus"
"650","CHFU","2019","species","code.plant","Empididae",0.0523809523809524,0,1.42857142857143,"Plant - floral visitor","non-inclus"
"651","CHFU","2019","species","code.plant","Episyrphus_balteatus",0.0166666666666667,0,2.14285714285714,"Plant - floral visitor","non-inclus"
"652","CHFU","2019","species","code.plant","Eristalis_similis",0.019047619047619,0,0.714285714285714,"Plant - floral visitor","non-inclus"
"653","CHFU","2019","species","code.plant","Eupeodes_corollae",0.0166666666666667,0,0.714285714285714,"Plant - floral visitor","non-inclus"
"654","CHFU","2019","species","code.plant","Hymenoptera",0.00238095238095238,0,0.714285714285714,"Plant - floral visitor","non-inclus"
"655","CHFU","2019","species","code.plant","Lomatia_spp",0.0119047619047619,0,1.42857142857143,"Plant - floral visitor","non-inclus"
"656","CHFU","2019","species","code.plant","Meligethes_spp",0.00476190476190476,0,0.714285714285714,"Plant - floral visitor","non-inclus"
"657","CHFU","2019","species","code.plant","Musca_spp",0.00238095238095238,0,0.714285714285714,"Plant - floral visitor","non-inclus"
"658","CHFU","2019","species","code.plant","Odontomyia_spp",0.00476190476190476,0,0.714285714285714,"Plant - floral visitor","non-inclus"
"659","CHFU","2019","species","code.plant","Psilothrix_viridicoerulea",0.0119047619047619,0,1.42857142857143,"Plant - floral visitor","non-inclus"
"660","CHFU","2019","species","code.plant","Scaeva_spp",0.019047619047619,0,2.14285714285714,"Plant - floral visitor","non-inclus"
"661","CHFU","2019","species","code.plant","Sphaerophoria_scripta",0.0119047619047619,0,1.42857142857143,"Plant - floral visitor","non-inclus"
"662","CHFU","2019","species","code.plant","Ulidiidae_sp_wings_with_pattern",0.00238095238095238,0,0.714285714285714,"Plant - floral visitor","non-inclus"
"663","CHFU","2020","group","class","Forb",0.566432622198218,0,5,"Plant - plant","non-inclus"
"664","CHFU","2020","group","class","Grass",0.175533351336754,0,1.52173913043478,"Plant - plant","inclus"
"665","CHFU","2020","group","class","CHFU",0.0459087226573049,0,0.869565217391304,"Intraspecific","non-inclus"
"666","CHFU","2020","group","class","beetle",0.172001911132346,0,5,"Plant - herbivore","non-inclus"
"667","CHFU","2020","group","class","grasshopper",0.00238891543239369,0,0.384615384615385,"Plant - herbivore","non-inclus"
"668","CHFU","2020","group","class","snail",0.00955566172957477,0,0.769230769230769,"Plant - herbivore","non-inclus"
"669","CHFU","2020","group","class","trip",0.0406115623506928,0,1.53846153846154,"Plant - herbivore","non-inclus"
"670","CHFU","2020","group","class","bee",0.114906832298137,0,5,"Plant - floral visitor","non-inclus"
"671","CHFU","2020","group","class","fly",0.453416149068323,0,2.5,"Plant - floral visitor","non-inclus"
"672","CHFU","2020","family","family","Amaranthaceae",0.134973721930244,0,5,"Plant - plant","non-inclus"
"673","CHFU","2020","family","family","Asteraceae",0.37505972288581,0,1.92307692307692,"Plant - plant","inclus"
"674","CHFU","2020","family","family","Brassicaceae",0.00119445771619685,0,0.192307692307692,"Plant - plant","non-inclus"
"675","CHFU","2020","family","family","Caryophyllaceae",0.0609173435260392,0,1.53846153846154,"Plant - plant","non-inclus"
"676","CHFU","2020","family","family","Fabaceae",0.0645007166746297,0,0.769230769230769,"Plant - plant","non-inclus"
"677","CHFU","2020","family","family","Gentianaceae",0.154085045389393,0,4.23076923076923,"Plant - plant","non-inclus"
"678","CHFU","2020","family","family","Plantaginaceae",0.054945054945055,0,1.53846153846154,"Plant - plant","non-inclus"
"679","CHFU","2020","family","family","Poaceae",0.31055900621118,0,2.69230769230769,"Plant - plant","inclus"
"680","CHFU","2020","family","family","Primulacea",0.00238891543239369,0,0.192307692307692,"Plant - plant","non-inclus"
"681","CHFU","2020","family","family","CHFU",0.0812231247013856,0,1.53846153846154,"Intraspecific","non-inclus"
"682","CHFU","2020","family","family","Curculionidae",0.010351966873706,0,0.833333333333333,"Plant - herbivore","non-inclus"
"683","CHFU","2020","family","family","Gryllidae",0.0025879917184265,0,0.416666666666667,"Plant - herbivore","non-inclus"
"684","CHFU","2020","family","family","Helicidae",0.010351966873706,0,0.833333333333333,"Plant - herbivore","non-inclus"
"685","CHFU","2020","family","family","Lygaeidae",0.005175983436853,0,0.416666666666667,"Plant - herbivore","non-inclus"
"686","CHFU","2020","family","family","Miridae",0.0336438923395445,0,5,"Plant - herbivore","non-inclus"
"687","CHFU","2020","family","family","Nitidulidae",0.005175983436853,0,0.416666666666667,"Plant - herbivore","non-inclus"
"688","CHFU","2020","family","family","Andrenidae",0.108695652173913,0,5,"Plant - floral visitor","non-inclus"
"689","CHFU","2020","family","family","Apidae",0.0062111801242236,0,0.5,"Plant - floral visitor","non-inclus"
"690","CHFU","2020","family","family","Bibionidae",0.0031055900621118,0,0.5,"Plant - floral visitor","non-inclus"
"691","CHFU","2020","family","family","Empididae",0.0031055900621118,0,0.5,"Plant - floral visitor","non-inclus"
"692","CHFU","2020","family","family","Muscidae",0.0683229813664596,0,2,"Plant - floral visitor","non-inclus"
"693","CHFU","2020","family","family","Sarcophagidae",0.0031055900621118,0,0.5,"Plant - floral visitor","non-inclus"
"694","CHFU","2020","family","family","Syrphidae",0.015527950310559,0,0.5,"Plant - floral visitor","non-inclus"
"695","CHFU","2020","family","family","Tachinidae",0.0031055900621118,0,0.5,"Plant - floral visitor","non-inclus"
"696","CHFU","2020","family","family","Ulidiidae",0.273291925465839,0,2,"Plant - floral visitor","non-inclus"
"697","CHFU","2020","species","code.plant","ANAR",0.00238891543239369,0,0.192307692307692,"Plant - plant","non-inclus"
"698","CHFU","2020","species","code.plant","BEMA",0.0752508361204013,0,0.384615384615385,"Plant - plant","non-inclus"
"699","CHFU","2020","species","code.plant","CETE",0.152890587673196,0,4.23076923076923,"Plant - plant","non-inclus"
"700","CHFU","2020","species","code.plant","CHFU",0.0812231247013856,0,1.53846153846154,"Plant - plant","non-inclus"
"701","CHFU","2020","species","code.plant","CHMI",0.00119445771619685,0,0.192307692307692,"Plant - plant","non-inclus"
"702","CHFU","2020","species","code.plant","COSQ",0.00119445771619685,0,0.192307692307692,"Plant - plant","non-inclus"
"703","CHFU","2020","species","code.plant","HOMA",0.222169135212613,0,2.69230769230769,"Plant - plant","non-inclus"
"704","CHFU","2020","species","code.plant","LEMA",0.250836120401338,0,1.53846153846154,"Plant - plant","inclus"
"705","CHFU","2020","species","code.plant","MEPO",0.00477783086478739,0,0.384615384615385,"Plant - plant","non-inclus"
"706","CHFU","2020","species","code.plant","MESU",0.0597228858098423,0,0.769230769230769,"Plant - plant","non-inclus"
"707","CHFU","2020","species","code.plant","PAIN",0.0167224080267559,0,0.384615384615385,"Plant - plant","non-inclus"
"708","CHFU","2020","species","code.plant","PLCO",0.054945054945055,0,1.53846153846154,"Plant - plant","non-inclus"
"709","CHFU","2020","species","code.plant","POMA",0.0597228858098423,0,1.34615384615385,"Plant - plant","non-inclus"
"710","CHFU","2020","species","code.plant","POMO",0.00955566172957477,0,0.576923076923077,"Plant - plant","non-inclus"
"711","CHFU","2020","species","code.plant","PUPA",0.0645007166746297,0,1.73076923076923,"Plant - plant","non-inclus"
"712","CHFU","2020","species","code.plant","SASO",0.0561395126612518,0,5,"Plant - plant","non-inclus"
"713","CHFU","2020","species","code.plant","SCLA",0.0215002388915432,0,0.769230769230769,"Plant - plant","non-inclus"
"714","CHFU","2020","species","code.plant","SOAS",0.0322503583373149,0,0.576923076923077,"Plant - plant","non-inclus"
"715","CHFU","2020","species","code.plant","SPRU",0.0609173435260392,0,1.53846153846154,"Plant - plant","non-inclus"
"716","CHFU","2020","species","code.plant","SUSP",0.00119445771619685,0,0.192307692307692,"Intraspecific","non-inclus"
"717","CHFU","2020","species","code.plant","Brassicogethes_spp",0.005175983436853,0,0.416666666666667,"Plant - herbivore","non-inclus"
"718","CHFU","2020","species","code.plant","Curculionidae",0.010351966873706,0,0.833333333333333,"Plant - herbivore","non-inclus"
"719","CHFU","2020","species","code.plant","Gryllus_bimaculatus",0.0025879917184265,0,0.416666666666667,"Plant - herbivore","non-inclus"
"720","CHFU","2020","species","code.plant","Lygaeidae",0.0025879917184265,0,0.416666666666667,"Plant - herbivore","non-inclus"
"721","CHFU","2020","species","code.plant","Miridae",0.0336438923395445,0,5,"Plant - herbivore","non-inclus"
"722","CHFU","2020","species","code.plant","Oxycarenus_hyalinipennis",0.0025879917184265,0,0.416666666666667,"Plant - herbivore","non-inclus"
"723","CHFU","2020","species","code.plant","Theba_pisana",0.010351966873706,0,0.833333333333333,"Plant - herbivore","non-inclus"
"724","CHFU","2020","species","code.plant","Thysanoptera",0.0439958592132505,0,1.66666666666667,"Plant - herbivore","non-inclus"
"725","CHFU","2020","species","code.plant","Andrena_argentata",0.0093167701863354,0,1,"Plant - floral visitor","non-inclus"
"726","CHFU","2020","species","code.plant","Andrena_humilis",0.0031055900621118,0,0.5,"Plant - floral visitor","non-inclus"
"727","CHFU","2020","species","code.plant","Andrena_spp",0.0962732919254658,0,5,"Plant - floral visitor","non-inclus"
"728","CHFU","2020","species","code.plant","Cylindromyia_sp_red_color",0.0031055900621118,0,0.5,"Plant - floral visitor","non-inclus"
"729","CHFU","2020","species","code.plant","Dilophus_spp",0.0031055900621118,0,0.5,"Plant - floral visitor","non-inclus"
"730","CHFU","2020","species","code.plant","Diptera",0.0838509316770186,0,2,"Plant - floral visitor","non-inclus"
"731","CHFU","2020","species","code.plant","Empis_spp",0.0031055900621118,0,0.5,"Plant - floral visitor","non-inclus"
"732","CHFU","2020","species","code.plant","Eristalis_similis",0.0031055900621118,0,0.5,"Plant - floral visitor","non-inclus"
"733","CHFU","2020","species","code.plant","Eucera_spp",0.0062111801242236,0,0.5,"Plant - floral visitor","non-inclus"
"734","CHFU","2020","species","code.plant","Eupeodes_corollae",0.0031055900621118,0,0.5,"Plant - floral visitor","non-inclus"
"735","CHFU","2020","species","code.plant","Musca_spp",0.0683229813664596,0,2,"Plant - floral visitor","non-inclus"
"736","CHFU","2020","species","code.plant","Psilothrix_viridicoerulea",0.217391304347826,0,4,"Plant - floral visitor","non-inclus"
"737","CHFU","2020","species","code.plant","Sarcophaga_spp",0.0031055900621118,0,0.5,"Plant - floral visitor","non-inclus"
"738","CHFU","2020","species","code.plant","Syrphidae",0.0093167701863354,0,0.5,"Plant - floral visitor","non-inclus"
"739","CHFU","2020","species","code.plant","Ulidiidae_sp_wings_with_pattern",0.273291925465839,0,2,"Plant - floral visitor","non-inclus"
"740","CHFU","2021","group","class","Forb",1.00137931034483,0,5,"Plant - plant","non-inclus"
"741","CHFU","2021","group","class","Grass",0.333793103448276,0,2.41379310344828,"Plant - plant","non-inclus"
"742","CHFU","2021","group","class","CHFU",0.0937931034482759,0,1.03448275862069,"Intraspecific","non-inclus"
"743","CHFU","2021","group","class","snail",0.04,0,5,"Plant - herbivore","non-inclus"
"744","CHFU","2021","group","class","trip",0.12,0,1.66666666666667,"Plant - herbivore","non-inclus"
"745","CHFU","2021","group","class","bee",0.0466666666666667,0,1.66666666666667,"Plant - floral visitor","non-inclus"
"746","CHFU","2021","group","class","fly",1.19,0,5,"Plant - floral visitor","non-inclus"
"747","CHFU","2021","family","family","Amaranthaceae",0.0853333333333333,0,4.33333333333333,"Plant - plant","non-inclus"
"748","CHFU","2021","family","family","Asteraceae",0.882666666666667,0,5,"Plant - plant","non-inclus"
"749","CHFU","2021","family","family","Caryophyllaceae",0.0186666666666667,0,0.666666666666667,"Plant - plant","non-inclus"
"750","CHFU","2021","family","family","Fabaceae",0.104,0,1.33333333333333,"Plant - plant","non-inclus"
"751","CHFU","2021","family","family","Gentianaceae",0.352,0,3.33333333333333,"Plant - plant","non-inclus"
"752","CHFU","2021","family","family","Plantaginaceae",0.125333333333333,0,2.66666666666667,"Plant - plant","non-inclus"
"753","CHFU","2021","family","family","Poaceae",0.645333333333334,0,4.66666666666667,"Plant - plant","non-inclus"
"754","CHFU","2021","family","family","Primulacea",0.016,0,1,"Plant - plant","non-inclus"
"755","CHFU","2021","family","family","CHFU",0.181333333333333,0,2,"Intraspecific","non-inclus"
"756","CHFU","2021","family","family","Aphididae",0.0733333333333333,0,1.66666666666667,"Plant - herbivore","non-inclus"
"757","CHFU","2021","family","family","Helicidae",0.04,0,5,"Plant - herbivore","non-inclus"
"758","CHFU","2021","family","family","Bibionidae",0.04,0,2,"Plant - floral visitor","non-inclus"
"759","CHFU","2021","family","family","Bombyliidae",0.024,0,2,"Plant - floral visitor","non-inclus"
"760","CHFU","2021","family","family","Halictidae",0.008,0,1,"Plant - floral visitor","non-inclus"
"761","CHFU","2021","family","family","Muscidae",0.016,0,1,"Plant - floral visitor","non-inclus"
"762","CHFU","2021","family","family","Sarcophagidae",0.096,0,5,"Plant - floral visitor","non-inclus"
"763","CHFU","2021","family","family","Stratiomyidae",0.04,0,2,"Plant - floral visitor","non-inclus"
"764","CHFU","2021","family","family","Syrphidae",0.216,0,4,"Plant - floral visitor","non-inclus"
"765","CHFU","2021","family","family","Tachinidae",0.032,0,2,"Plant - floral visitor","non-inclus"
"766","CHFU","2021","family","family","Ulidiidae",0.304,0,3,"Plant - floral visitor","non-inclus"
"767","CHFU","2021","species","code.plant","ANAR",0.016,0,1,"Plant - plant","non-inclus"
"768","CHFU","2021","species","code.plant","BEMA",0.0506666666666667,0,1,"Plant - plant","non-inclus"
"769","CHFU","2021","species","code.plant","CETE",0.352,0,3.33333333333333,"Plant - plant","non-inclus"
"770","CHFU","2021","species","code.plant","CHFU",0.181333333333333,0,2,"Plant - plant","non-inclus"
"771","CHFU","2021","species","code.plant","CHMI",0.00533333333333333,0,0.666666666666667,"Plant - plant","non-inclus"
"772","CHFU","2021","species","code.plant","HOMA",0.501333333333333,0,4.66666666666667,"Plant - plant","non-inclus"
"773","CHFU","2021","species","code.plant","LEMA",0.677333333333333,0,5,"Plant - plant","non-inclus"
"774","CHFU","2021","species","code.plant","MEPO",0.00266666666666667,0,0.333333333333333,"Plant - plant","non-inclus"
"775","CHFU","2021","species","code.plant","MESU",0.101333333333333,0,1.33333333333333,"Plant - plant","non-inclus"
"776","CHFU","2021","species","code.plant","PAIN",0.0746666666666667,0,1.33333333333333,"Plant - plant","non-inclus"
"777","CHFU","2021","species","code.plant","PLCO",0.125333333333333,0,2.66666666666667,"Plant - plant","non-inclus"
"778","CHFU","2021","species","code.plant","POMA",0.064,0,2.66666666666667,"Plant - plant","non-inclus"
"779","CHFU","2021","species","code.plant","POMO",0.00533333333333333,0,0.666666666666667,"Plant - plant","non-inclus"
"780","CHFU","2021","species","code.plant","SASO",0.032,0,4,"Plant - plant","non-inclus"
"781","CHFU","2021","species","code.plant","SCLA",0.0533333333333333,0,2,"Plant - plant","non-inclus"
"782","CHFU","2021","species","code.plant","SOAS",0.146666666666667,0,2,"Plant - plant","non-inclus"
"783","CHFU","2021","species","code.plant","SPRU",0.0186666666666667,0,0.666666666666667,"Plant - plant","non-inclus"
"784","CHFU","2021","species","code.plant","SUSP",0.00266666666666667,0,0.333333333333333,"Intraspecific","non-inclus"
"785","CHFU","2021","species","code.plant","Aphis_fabae",0.0733333333333333,0,1.66666666666667,"Plant - herbivore","non-inclus"
"786","CHFU","2021","species","code.plant","Theba_pisana",0.04,0,5,"Plant - herbivore","non-inclus"
"787","CHFU","2021","species","code.plant","Thysanoptera",0.12,0,1.66666666666667,"Plant - herbivore","non-inclus"
"788","CHFU","2021","species","code.plant","Bibionidae",0.025,0,1.25,"Plant - floral visitor","non-inclus"
"789","CHFU","2021","species","code.plant","Bombyliidae",0.015,0,1.25,"Plant - floral visitor","non-inclus"
"790","CHFU","2021","species","code.plant","Diptera",1.305,0,5,"Plant - floral visitor","non-inclus"
"791","CHFU","2021","species","code.plant","Episyrphus_balteatus",0.055,0,2.5,"Plant - floral visitor","non-inclus"
"792","CHFU","2021","species","code.plant","Eristalis_similis",0.005,0,0.625,"Plant - floral visitor","non-inclus"
"793","CHFU","2021","species","code.plant","Eupeodes_corollae",0.01,0,1.25,"Plant - floral visitor","non-inclus"
"794","CHFU","2021","species","code.plant","Halictidae",0.005,0,0.625,"Plant - floral visitor","non-inclus"
"795","CHFU","2021","species","code.plant","Hymenoptera",0.065,0,2.5,"Plant - floral visitor","non-inclus"
"796","CHFU","2021","species","code.plant","Musca_spp",0.01,0,0.625,"Plant - floral visitor","non-inclus"
"797","CHFU","2021","species","code.plant","Odontomyia_spp",0.025,0,1.25,"Plant - floral visitor","non-inclus"
"798","CHFU","2021","species","code.plant","Sarcophaga_spp",0.06,0,3.125,"Plant - floral visitor","non-inclus"
"799","CHFU","2021","species","code.plant","Sphaerophoria_scripta",0.02,0,1.25,"Plant - floral visitor","non-inclus"
"800","CHFU","2021","species","code.plant","Syrphidae",0.045,0,1.25,"Plant - floral visitor","non-inclus"
"801","CHFU","2021","species","code.plant","Tachinidae",0.02,0,1.25,"Plant - floral visitor","non-inclus"
"802","CHFU","2021","species","code.plant","Ulidiidae_sp_wings_with_pattern",0.19,0,1.875,"Plant - floral visitor","non-inclus"
